BanjoKazooie,3dnkt4
BanjoKazooie,3dmjuj
BanjoKazooie,3dlhwq
BanjoKazooie,3dj88b
BanjoKazooie,3dfby3
BanjoKazooie,3dbdo8
BanjoKazooie,3d9t4k
BanjoKazooie,3da1zi
BanjoKazooie,3d6izv
BanjoKazooie,3d2sg8
BanjoKazooie,3d20j9
BanjoKazooie,3cyxtl
BanjoKazooie,3cwgdv
BanjoKazooie,3cu0jz
BanjoKazooie,3cval4
BanjoKazooie,3cm85s
BanjoKazooie,3clv4c
BanjoKazooie,3cfd89
BanjoKazooie,3cdnka
BanjoKazooie,3cfca6
BanjoKazooie,3c9cgv
BanjoKazooie,3cbbju
BanjoKazooie,3c0dj8
BanjoKazooie,3bz066
BanjoKazooie,3bvzhd
BanjoKazooie,3buhh5
BanjoKazooie,3bost8
BanjoKazooie,3bkt3z
BanjoKazooie,3bl3yl
BanjoKazooie,3bktif
BanjoKazooie,3bk1sb
BanjoKazooie,3bjkbq
BanjoKazooie,3bad25
BanjoKazooie,3b9mg2
BanjoKazooie,3b90o5
BanjoKazooie,3b9d8i
BanjoKazooie,3b4vgi
BanjoKazooie,3b7oxt
BanjoKazooie,3b05ip
BanjoKazooie,3avruy
BanjoKazooie,3avcb2
BanjoKazooie,3augxf
BanjoKazooie,3aswc4
BanjoKazooie,3anda0
BanjoKazooie,3an15i
BanjoKazooie,3akoex
BanjoKazooie,3ahk14
BanjoKazooie,3ahnwa
BanjoKazooie,3aiyfe
BanjoKazooie,3agjbc
BanjoKazooie,3adkow
BanjoKazooie,3adb0r
BanjoKazooie,3a6ii5
BanjoKazooie,3a75ji
BanjoKazooie,3a3ukj
BanjoKazooie,3a71n3
BanjoKazooie,3a5btz
BanjoKazooie,3a29z0
BanjoKazooie,3a34nf
BanjoKazooie,3a00v1
BanjoKazooie,39xs2e
BanjoKazooie,39zgng
BanjoKazooie,39yzls
BanjoKazooie,39xuew
BanjoKazooie,39zcyy
BanjoKazooie,39xs3b
BanjoKazooie,39xxmi
BanjoKazooie,39z6a8
BanjoKazooie,39xzfl
BanjoKazooie,39xxky
BanjoKazooie,39y79s
BanjoKazooie,39y1fj
BanjoKazooie,39yc9w
BanjoKazooie,39wcnh
BanjoKazooie,39wzqv
BanjoKazooie,39zjf7
BanjoKazooie,39wyfd
BanjoKazooie,39x9qc
BanjoKazooie,39xe6k
BanjoKazooie,39xysp
BanjoKazooie,39v2zb
BanjoKazooie,39t7hn
BanjoKazooie,39obqi
BanjoKazooie,39n6qv
BanjoKazooie,39o1kf
BanjoKazooie,39l9it
BanjoKazooie,39n78l
BanjoKazooie,39lgy7
BanjoKazooie,39llqn
BanjoKazooie,39eh0g
BanjoKazooie,39a7l4
BanjoKazooie,399oic
BanjoKazooie,3966yh
BanjoKazooie,393zwo
BanjoKazooie,38wf03
BanjoKazooie,38nr7f
BanjoKazooie,38oj8p
BanjoKazooie,38lvl7
BanjoKazooie,38gci2
BanjoKazooie,38h3cq
BanjoKazooie,38f88n
BanjoKazooie,38fkc8
BanjoKazooie,38a10b
BanjoKazooie,389hbb
BanjoKazooie,38819j
BanjoKazooie,384qxf
BanjoKazooie,37xs4j
BanjoKazooie,37vwf6
BanjoKazooie,37wq6i
BanjoKazooie,37sveu
BanjoKazooie,37pqqu
BanjoKazooie,37mf0v
BanjoKazooie,37it1k
BanjoKazooie,37ictj
BanjoKazooie,37dj57
BanjoKazooie,378ibk
BanjoKazooie,374jfx
BanjoKazooie,37212b
BanjoKazooie,371byo
BanjoKazooie,36k3lj
BanjoKazooie,36bt3b
BanjoKazooie,369hdg
BanjoKazooie,368ek6
BanjoKazooie,363k1h
BanjoKazooie,3625dv
BanjoKazooie,35zjoq
BanjoKazooie,35vy73
BanjoKazooie,35v5zd
BanjoKazooie,3594wn
BanjoKazooie,358903
BanjoKazooie,359382
BanjoKazooie,358vbs
BanjoKazooie,357kqw
BanjoKazooie,354yc4
BanjoKazooie,353r05
BanjoKazooie,350td5
BanjoKazooie,34zsj9
BanjoKazooie,34yoja
BanjoKazooie,34wckf
BanjoKazooie,34vc2o
BanjoKazooie,34y40l
BanjoKazooie,34x1wq
BanjoKazooie,34sm75
BanjoKazooie,34t5tm
BanjoKazooie,34skq3
BanjoKazooie,34qot4
BanjoKazooie,34q7l4
BanjoKazooie,34uaqu
BanjoKazooie,34pa2i
BanjoKazooie,34rlqv
BanjoKazooie,34o1bc
BanjoKazooie,34mnni
BanjoKazooie,34mrsy
BanjoKazooie,34nxmm
BanjoKazooie,34nn3e
BanjoKazooie,34nd34
BanjoKazooie,34ky7f
BanjoKazooie,34j7b7
BanjoKazooie,34mw64
BanjoKazooie,34ipgm
BanjoKazooie,34lex7
BanjoKazooie,34ijze
BanjoKazooie,34f89h
BanjoKazooie,3467vh
BanjoKazooie,3441s8
BanjoKazooie,343cdn
BanjoKazooie,33ymvc
BanjoKazooie,33zapd
BanjoKazooie,33tdjt
BanjoKazooie,33wacf
BanjoKazooie,33vjk5
BanjoKazooie,33ln2p
BanjoKazooie,33ki1m
BanjoKazooie,33fgba
BanjoKazooie,33dmej
BanjoKazooie,3360e8
BanjoKazooie,3311wd
BanjoKazooie,32ypo2
BanjoKazooie,32z0qa
BanjoKazooie,32onfw
BanjoKazooie,32knu8
BanjoKazooie,32gv2o
BanjoKazooie,32beuu
BanjoKazooie,328wh1
BanjoKazooie,324auw
BanjoKazooie,324gxp
BanjoKazooie,32076i
BanjoKazooie,3223mr
BanjoKazooie,31x12t
BanjoKazooie,31xk32
BanjoKazooie,31vwr2
BanjoKazooie,31udoe
BanjoKazooie,31tczn
BanjoKazooie,31sji1
BanjoKazooie,31pcpl
BanjoKazooie,31odbr
BanjoKazooie,31mknp
BanjoKazooie,31ku7q
BanjoKazooie,31i9fn
BanjoKazooie,31h6d3
BanjoKazooie,31d9kh
BanjoKazooie,31c3su
BanjoKazooie,31cbuj
BanjoKazooie,314lp1
BanjoKazooie,3157or
BanjoKazooie,3136o6
BanjoKazooie,30h5j7
BanjoKazooie,30cxzn
BanjoKazooie,30ap3p
BanjoKazooie,301r1a
BanjoKazooie,2zm01j
BanjoKazooie,2zfw7t
BanjoKazooie,2zekhl
BanjoKazooie,2zcy69
BanjoKazooie,2zat2v
BanjoKazooie,2z8z06
BanjoKazooie,2z6w5q
BanjoKazooie,2z6ynb
BanjoKazooie,2z2sa1
BanjoKazooie,2z1bkg
BanjoKazooie,2z1eke
BanjoKazooie,2z2qse
BanjoKazooie,2yx8gx
BanjoKazooie,2yswqj
BanjoKazooie,2yr3rv
