California,3e31o1
California,3e3cca
California,3e2kne
California,3e0zg7
California,3e3kbv
California,3e3bm3
California,3e4np7
California,3e3lcb
California,3e3nxn
California,3e3nds
California,3e3ltw
California,3e0m68
California,3e3hbv
California,3dylqn
California,3e329f
California,3e31oj
California,3e2zkp
California,3dyna5
California,3e3li5
California,3e1g7g
California,3e2dbl
California,3dzpwj
California,3dzwp8
California,3dx1hz
California,3e0p1o
California,3e0aiw
California,3e08jy
California,3dui83
California,3dzhhw
California,3dxk8s
California,3dxhde
California,3dysg9
California,3dtyx1
California,3dvs6j
California,3dwetd
California,3dww37
California,3dvpuw
California,3duz9m
California,3dv8jf
California,3dqt10
California,3ds22s
California,3drnz7
California,3dp134
California,3duf2h
California,3drwj3
California,3drxty
California,3dtfn5
California,3dri1p
California,3dr98y
California,3don1f
California,3dsc0y
California,3dpyta
California,3dohx0
California,3dp2xk
California,3dp4to
California,3dmcyz
California,3dqev7
California,3dphkc
California,3dprye
California,3downl
California,3dmstz
California,3dnvnz
California,3do1fx
California,3dqisr
California,3dnnxe
California,3dmz2i
California,3dm5uq
California,3dnbnl
California,3doj09
California,3dl476
California,3diz0w
California,3dli5j
California,3dn15t
California,3djb4d
California,3dj966
California,3dgksu
California,3dlt2s
California,3dkwud
California,3dkdad
California,3dlxy4
California,3dfu22
California,3di6r7
California,3dixu2
California,3ddqvm
California,3digtl
California,3djsrl
California,3dkdjs
California,3di40l
California,3di0nh
California,3dg16j
California,3dh3x7
California,3ddsev
California,3ddqqx
California,3da9fk
California,3de8kl
California,3dbg2x
California,3ddl4s
California,3dfio8
California,3df99f
California,3deevn
California,3ddwu8
California,3d8rdy
California,3dfayn
California,3dbpzy
California,3d86iq
California,3dbkip
California,3dbema
California,3d9yqy
California,3d733z
California,3davb9
California,3daqsw
California,3d8cl7
California,3d9b8e
California,3d49lp
California,3d7lzo
California,3d5qni
California,3d7ciy
California,3d80jb
California,3d4k47
California,3d31eq
California,3d6tcw
California,3d17wh
California,3d4qtf
California,3d0x31
California,3d113j
California,3d0zuf
California,3d1i1n
California,3d11p5
California,3d4kdp
California,3d34hw
California,3cy2pc
California,3d2wui
California,3d2sam
California,3cwpel
California,3cyu94
California,3cz77m
California,3cyb2x
California,3cxvsm
California,3ctic3
California,3cxlt5
California,3cvzp2
California,3cun8c
California,3cuwnp
California,3cu9l6
California,3csp1r
California,3cwwmw
California,3cu0vu
California,3cvdge
California,3cozde
California,3crgx2
California,3cr216
California,3crw8a
California,3crf5b
California,3cqbhr
California,3cq56h
California,3cl416
California,3cp1ja
California,3cpmtt
California,3cp30p
California,3cnyo4
California,3ckk56
California,3codui
California,3clvn4
California,3ckf0p
California,3covaj
California,3cmf8g
California,3cim1k
California,3ckov5
California,3cfmop
California,3ciypo
California,3ci8eq
California,3cgn3t
California,3cdanz
California,3ce7b1
California,3ce3lk
California,3cefn7
California,3cimuf
California,3ch49d
California,3cauw8
California,3caxhd
California,3cc772
California,3ce1wc
California,3ceig2
California,3cei4w
California,3ceh44
California,3cddq6
California,3cdkfz
California,3cfzml
California,3cdt7x
California,3c91gz
California,3cc43d
California,3cd2ne
California,3c9cwp
California,3castg
California,3c6kch
California,3cd12k
California,3c9e81
California,3c9yd3
California,3c4ley
California,3c5z6h
California,3c5ui8
California,3c4vlk
California,3c3iqy
California,3c54q5
California,3c0itf
California,3c23t7
California,3c1aw6
California,3c14bn
California,3c0peh
California,3c59f9
California,3c2u22
California,3c1vl6
California,3bxskd
California,3bwl8r
California,3bvrfy
California,3bxkp3
California,3bxhe2
California,3bz8ra
California,3bxn8c
California,3bvsy4
California,3bxee8
California,3byme1
California,3bw3pg
California,3byq1r
California,3brb01
California,3bsype
California,3bs8c0
California,3btz10
California,3bx0uh
California,3brnrb
California,3btxmg
California,3brd99
California,3bsehy
California,3bs8g8
California,3bqm13
California,3bs8rc
California,3bse5r
California,3brewq
California,3bs65v
California,3bnj4d
California,3bseq1
California,3btpv1
California,3bsaof
California,3bpc00
California,3bralm
California,3bs2lh
California,3bqlhg
California,3bnr8i
California,3bqg8y
California,3bmmtc
California,3bnvpp
California,3bo8cx
California,3bo2xz
California,3bnodg
California,3bk0s4
California,3bnqsw
California,3bm7pa
California,3bn39d
California,3bjac2
California,3bnybb
California,3bp6ep
California,3bmvth
California,3bkyy6
California,3bo0yi
California,3bpnic
California,3bit20
California,3bfots
California,3bk97l
California,3bjv8o
California,3bkc7u
California,3bf3e8
California,3bgtui
California,3bhccm
California,3bimxu
California,3biuqf
California,3bfq1q
California,3bgplq
California,3bgxm8
California,3bfikr
California,3bg5pj
California,3bbh7r
California,3bd3h9
California,3bayqw
California,3b7eaw
California,3b7h8l
California,3b7qcg
California,3b75yf
California,3b7xdq
California,3b5nps
California,3b7t6e
California,3b9pyd
California,3b6o8a
California,3bbgub
California,3b9v46
California,3ba5d7
California,3b7281
California,3b3reu
California,3b837z
California,3b92tl
California,3b7ojg
California,3b33h2
California,3b5z0c
California,3b4ofb
California,3b3cnc
California,3b3dkg
California,3b9nr0
California,3b44ql
California,3b6ay9
California,3b32qk
California,3b3848
California,3b4rdy
California,3b4cn7
California,3b5qa4
California,3b5ig1
California,3b0u80
California,3b345x
California,3b5bf2
California,3b7nfb
California,3b4r03
California,3b3esl
California,3azsvj
California,3aykkj
California,3az1fb
California,3aya24
California,3b0mh4
California,3avppy
California,3b01nw
California,3ay8zw
California,3azc99
California,3azyih
California,3b1m70
California,3ayngs
California,3az9im
California,3b099k
California,3au327
California,3ayp4h
California,3aw8n7
California,3au3su
California,3awnn3
California,3auzz5
California,3aw16e
California,3au958
California,3arswc
California,3awdrb
California,3arj1e
California,3avwk1
California,3apkjy
California,3awr55
California,3as1yc
California,3atnkb
California,3asddl
California,3as1tz
California,3av5jn
California,3ata82
California,3aslxe
California,3asngf
California,3apo5d
California,3apynq
California,3aqyog
California,3anmm9
California,3anpky
California,3anand
California,3apa1g
California,3anqdn
California,3amslg
California,3anz45
California,3al7on
California,3aicc0
California,3aiypw
California,3anq26
California,3ammku
California,3aiqr5
California,3afme6
California,3ajvmn
California,3aivf8
California,3aj21v
California,3aef73
California,3agrzl
California,3aha9h
California,3agm5l
California,3ab0hs
California,3ag3qg
California,3af2o6
California,3acfr1
California,3abukv
California,3aaj58
California,3abull
California,3ab0fk
California,3ad2iz
California,3aekfu
California,3a9ecb
California,3acxpy
California,3a943x
California,3a61ge
California,3a7o4y
California,3a9gzo
California,3a6v3n
California,3a7nsb
California,3a68ca
California,3a6hah
