Comcast,3e6zwq
Comcast,3e5uqr
Comcast,3e5x12
Comcast,3e54qb
Comcast,3e4bah
Comcast,3e4xew
Comcast,3e3wlj
Comcast,3e3gyi
Comcast,3e4pco
Comcast,3e3m9g
Comcast,3e37b9
Comcast,3e28pc
Comcast,3e43wk
Comcast,3e1fta
Comcast,3e0fiq
Comcast,3dy3dd
Comcast,3e1qf5
Comcast,3e05dv
Comcast,3e0amu
Comcast,3e1ehu
Comcast,3dzhg4
Comcast,3dyrn6
Comcast,3e03be
Comcast,3dzvlp
Comcast,3dxme1
Comcast,3dwonq
Comcast,3dwhx3
Comcast,3dx1jf
Comcast,3dwct8
Comcast,3dw0nn
Comcast,3dupgq
Comcast,3dv1h4
Comcast,3dtep0
Comcast,3dsepf
Comcast,3dqjv9
Comcast,3dt1iw
Comcast,3drwe2
Comcast,3drheb
Comcast,3dpbc3
Comcast,3dogfo
Comcast,3doc95
Comcast,3dmjh9
Comcast,3dmsmx
Comcast,3dmxdc
Comcast,3do4i7
Comcast,3dmozv
Comcast,3dl07i
Comcast,3dml2h
Comcast,3didaa
Comcast,3dksnx
Comcast,3djko1
Comcast,3dj78n
Comcast,3dkrxg
Comcast,3dlp2g
Comcast,3di6hh
Comcast,3di888
Comcast,3djhfp
Comcast,3di5w0
Comcast,3dk1kw
Comcast,3djk4x
Comcast,3diotc
Comcast,3dik2d
Comcast,3dhh0m
Comcast,3dgpli
Comcast,3dgmmv
Comcast,3dgmpu
Comcast,3dhfy1
Comcast,3dg4mx
Comcast,3deghw
Comcast,3dg6r8
Comcast,3df6u5
Comcast,3dea43
Comcast,3df79a
Comcast,3dcsif
Comcast,3dd7bl
Comcast,3d89eq
Comcast,3dbg50
Comcast,3dahax
Comcast,3da6pm
Comcast,3d8f0y
Comcast,3d5sv9
Comcast,3d7rpg
Comcast,3d6l9a
Comcast,3d70rg
Comcast,3d5s4i
Comcast,3d6mhc
Comcast,3d7e30
Comcast,3d5mq0
Comcast,3d6q10
Comcast,3d63rv
Comcast,3d4aj7
Comcast,3d6b2v
Comcast,3d5ei8
Comcast,3d5z6q
Comcast,3d50bx
Comcast,3d4yne
Comcast,3d4m1w
Comcast,3d5fdp
Comcast,3d4g3a
Comcast,3d34sz
Comcast,3d3kf7
Comcast,3d2t7l
Comcast,3d2d2q
Comcast,3d1vp5
Comcast,3d1ipt
Comcast,3d0gli
Comcast,3czpq5
Comcast,3cytrr
Comcast,3czo9e
Comcast,3cz8yg
Comcast,3cygwi
Comcast,3cwv7w
Comcast,3cwjwh
Comcast,3cwiyw
Comcast,3cvrxf
Comcast,3cusms
Comcast,3cuaaa
Comcast,3cwapw
Comcast,3cu9um
Comcast,3cu5mr
Comcast,3cvkcf
Comcast,3cve6q
Comcast,3ct36b
Comcast,3ctcxv
Comcast,3cty4v
Comcast,3crht2
Comcast,3crc2c
Comcast,3cpo2v
Comcast,3cppj9
Comcast,3crca2
Comcast,3cp96l
Comcast,3cp803
Comcast,3cotih
Comcast,3cli13
Comcast,3cnbvh
Comcast,3cndfa
Comcast,3cmci2
Comcast,3cl89w
Comcast,3clw4c
Comcast,3cmm0r
Comcast,3cml0y
Comcast,3clnt3
Comcast,3cm17h
Comcast,3ckhaj
Comcast,3cjbav
Comcast,3chnbu
Comcast,3ci20t
Comcast,3chvcl
Comcast,3chsmp
Comcast,3chnel
Comcast,3cfrct
Comcast,3chfue
Comcast,3chbeb
Comcast,3cg3kb
Comcast,3cfpq9
Comcast,3cfv6a
Comcast,3cekk5
Comcast,3cdiqm
Comcast,3cc75q
Comcast,3cdd0g
Comcast,3cate8
Comcast,3cb6ut
Comcast,3cbhrk
Comcast,3c9lkv
Comcast,3c7lzo
Comcast,3c92l0
Comcast,3c8rxm
Comcast,3c7gye
Comcast,3c7el9
Comcast,3c66za
Comcast,3c5lms
Comcast,3c5782
Comcast,3c54y4
Comcast,3c3z1v
Comcast,3c37th
Comcast,3c1xs6
Comcast,3c2z2f
Comcast,3c1svz
Comcast,3c2pqh
Comcast,3bzyel
Comcast,3bxnir
Comcast,3byjns
Comcast,3bvgof
Comcast,3by4bv
Comcast,3bw094
Comcast,3byjbe
Comcast,3bw9kh
Comcast,3bw6cq
Comcast,3bu040
Comcast,3bsahd
Comcast,3btcwy
Comcast,3bs8zp
Comcast,3bs6qd
Comcast,3bruk5
Comcast,3bs9xm
Comcast,3bs0op
Comcast,3brwo8
Comcast,3brlad
Comcast,3bor4c
Comcast,3bqsyr
Comcast,3bn24s
Comcast,3bpcya
Comcast,3bouhh
Comcast,3bpe1d
Comcast,3bp1sz
Comcast,3bo1nh
Comcast,3bmhg8
Comcast,3bnck9
Comcast,3bmvzc
Comcast,3bn0ko
Comcast,3bmzuy
Comcast,3blbi6
Comcast,3bluzs
Comcast,3bl479
Comcast,3bl5wx
Comcast,3bjioo
Comcast,3bjim8
Comcast,3bkqba
Comcast,3bldaf
Comcast,3bi55e
Comcast,3bk3qc
Comcast,3bjtus
Comcast,3bjkm3
Comcast,3bixz4
Comcast,3bfhtv
Comcast,3bgvgp
Comcast,3bggag
Comcast,3bh0lx
Comcast,3beuwd
Comcast,3bgjq4
Comcast,3bf8tb
Comcast,3bga2r
Comcast,3bf8y8
Comcast,3beour
Comcast,3bdgvx
Comcast,3bdinb
Comcast,3bbwbm
Comcast,3bcffl
Comcast,3bagj5
Comcast,3b7evz
Comcast,3b9yi1
Comcast,3b89k7
Comcast,3b8hv6
Comcast,3b7cuf
Comcast,3b8evk
Comcast,3b665b
Comcast,3b5nyu
Comcast,3b44qj
Comcast,3b4tx7
Comcast,3b4x8d
Comcast,3b4nsu
Comcast,3b4app
Comcast,3b2zv4
Comcast,3b3m61
Comcast,3b0f9h
Comcast,3b1e4g
Comcast,3ayvnp
Comcast,3b0848
Comcast,3azmvd
Comcast,3aynxi
Comcast,3axao7
Comcast,3ay2em
Comcast,3av1qg
Comcast,3avtm2
Comcast,3awbgh
Comcast,3atr4r
Comcast,3awn42
Comcast,3ax3xe
Comcast,3aunoa
Comcast,3atyay
Comcast,3aufy2
Comcast,3asbkk
Comcast,3aqo0h
Comcast,3asfvh
Comcast,3aqa0d
Comcast,3aqncr
Comcast,3asat3
Comcast,3apkf6
Comcast,3apt62
Comcast,3anqkc
Comcast,3apsf7
Comcast,3aol5m
Comcast,3ang18
Comcast,3amqe1
Comcast,3amn1z
Comcast,3akg7u
Comcast,3ajcd0
Comcast,3akw9e
Comcast,3akpim
Comcast,3ak3qz
Comcast,3ajzl5
Comcast,3aizcd
Comcast,3ajg2s
Comcast,3ajfei
Comcast,3aj3xd
Comcast,3ag864
Comcast,3ailtl
Comcast,3agpmc
Comcast,3agxjw
Comcast,3aecmc
