CommunismWorldwide,3e51hi
CommunismWorldwide,3e4dxw
CommunismWorldwide,3e68r0
CommunismWorldwide,3e2lj0
CommunismWorldwide,3e2ltx
CommunismWorldwide,3e2ll0
CommunismWorldwide,3e2kfr
CommunismWorldwide,3e0doa
CommunismWorldwide,3e2kr2
CommunismWorldwide,3e1rl6
CommunismWorldwide,3e09zo
CommunismWorldwide,3e2k9u
CommunismWorldwide,3dzfx8
CommunismWorldwide,3dy1fj
CommunismWorldwide,3e016n
CommunismWorldwide,3dym9x
CommunismWorldwide,3dzqve
CommunismWorldwide,3dyo1f
CommunismWorldwide,3dy0lq
CommunismWorldwide,3dy2n0
CommunismWorldwide,3dy2za
CommunismWorldwide,3dy0af
CommunismWorldwide,3duajm
CommunismWorldwide,3duvf6
CommunismWorldwide,3duj5m
CommunismWorldwide,3dubmt
CommunismWorldwide,3dub6b
CommunismWorldwide,3ds5im
CommunismWorldwide,3du9kc
CommunismWorldwide,3du9uv
CommunismWorldwide,3ds2e5
CommunismWorldwide,3dqlag
CommunismWorldwide,3dqn1n
CommunismWorldwide,3dqoaj
CommunismWorldwide,3dqnn7
CommunismWorldwide,3dqnzj
CommunismWorldwide,3dqnex
CommunismWorldwide,3dpbwl
CommunismWorldwide,3doqxu
CommunismWorldwide,3dnuqg
CommunismWorldwide,3dn02t
CommunismWorldwide,3dmy5b
CommunismWorldwide,3dmol4
CommunismWorldwide,3dn2tx
CommunismWorldwide,3dmnvw
CommunismWorldwide,3dmnr1
CommunismWorldwide,3dmocz
CommunismWorldwide,3dmnux
CommunismWorldwide,3dkwvb
CommunismWorldwide,3djdkf
CommunismWorldwide,3djje3
CommunismWorldwide,3djp7h
CommunismWorldwide,3di3f5
CommunismWorldwide,3di3nn
CommunismWorldwide,3di3d4
CommunismWorldwide,3dhk2i
CommunismWorldwide,3dgrm2
CommunismWorldwide,3dh3fs
CommunismWorldwide,3di3pa
CommunismWorldwide,3di3ap
CommunismWorldwide,3dg0o7
CommunismWorldwide,3dfqw9
CommunismWorldwide,3ddm3c
CommunismWorldwide,3ddmf9
CommunismWorldwide,3ddmq2
CommunismWorldwide,3ddmco
CommunismWorldwide,3ddngk
CommunismWorldwide,3ddm8e
CommunismWorldwide,3dba4s
CommunismWorldwide,3db0y4
CommunismWorldwide,3d9dqr
CommunismWorldwide,3dbg33
CommunismWorldwide,3dber3
CommunismWorldwide,3d948g
CommunismWorldwide,3d94z4
CommunismWorldwide,3d957t
CommunismWorldwide,3d8mdz
CommunismWorldwide,3d9421
CommunismWorldwide,3d940l
CommunismWorldwide,3d731b
CommunismWorldwide,3d7ef1
CommunismWorldwide,3d75cx
CommunismWorldwide,3d5y1d
CommunismWorldwide,3d5urf
CommunismWorldwide,3d5ci9
CommunismWorldwide,3d52xp
CommunismWorldwide,3d538l
CommunismWorldwide,3d530a
CommunismWorldwide,3d52s2
CommunismWorldwide,3d52qt
CommunismWorldwide,3d3rij
CommunismWorldwide,3d2dw5
CommunismWorldwide,3d2c28
CommunismWorldwide,3d2cyj
CommunismWorldwide,3d11xi
CommunismWorldwide,3d14sk
CommunismWorldwide,3d284h
CommunismWorldwide,3d0l1m
CommunismWorldwide,3d0jmq
CommunismWorldwide,3d0kod
CommunismWorldwide,3d0kn1
CommunismWorldwide,3d0kvx
CommunismWorldwide,3czi1h
CommunismWorldwide,3cx4a5
CommunismWorldwide,3cxrte
CommunismWorldwide,3cwzky
CommunismWorldwide,3cwt5d
CommunismWorldwide,3cwt8u
CommunismWorldwide,3cx3bn
CommunismWorldwide,3cwt2f
CommunismWorldwide,3cwsuj
CommunismWorldwide,3cwst2
CommunismWorldwide,3cuoe2
CommunismWorldwide,3cui4e
CommunismWorldwide,3cv1ix
CommunismWorldwide,3cuohc
CommunismWorldwide,3cuoa9
CommunismWorldwide,3ctegi
CommunismWorldwide,3cte5e
CommunismWorldwide,3csqir
CommunismWorldwide,3csqqm
CommunismWorldwide,3csqp3
CommunismWorldwide,3csrkg
CommunismWorldwide,3csr59
CommunismWorldwide,3cr6y2
CommunismWorldwide,3cpbv1
CommunismWorldwide,3coc02
CommunismWorldwide,3cpbez
CommunismWorldwide,3cpr6z
CommunismWorldwide,3cpmpx
CommunismWorldwide,3cobm8
CommunismWorldwide,3cocam
CommunismWorldwide,3coct3
CommunismWorldwide,3coco4
CommunismWorldwide,3clkgu
CommunismWorldwide,3cm66h
CommunismWorldwide,3cm2gf
CommunismWorldwide,3cjvic
CommunismWorldwide,3cm198
CommunismWorldwide,3ckcrp
CommunismWorldwide,3cjvoz
CommunismWorldwide,3cltrp
CommunismWorldwide,3cjvcz
CommunismWorldwide,3cjvkb
CommunismWorldwide,3cj79r
CommunismWorldwide,3cjwfo
CommunismWorldwide,3ckdom
CommunismWorldwide,3chi64
CommunismWorldwide,3cjvsl
CommunismWorldwide,3chz1s
CommunismWorldwide,3cfb36
CommunismWorldwide,3cfbs5
CommunismWorldwide,3cfv11
CommunismWorldwide,3cf2z2
CommunismWorldwide,3cfbl6
CommunismWorldwide,3ce8yx
CommunismWorldwide,3cfbpd
CommunismWorldwide,3ccn8n
CommunismWorldwide,3ccf19
CommunismWorldwide,3cdal6
CommunismWorldwide,3cb0gx
CommunismWorldwide,3caula
CommunismWorldwide,3cb0fq
CommunismWorldwide,3cb1o4
CommunismWorldwide,3cc8ug
CommunismWorldwide,3c8jhd
CommunismWorldwide,3c8ep9
CommunismWorldwide,3c7k5l
CommunismWorldwide,3c7ixy
CommunismWorldwide,3c7igk
CommunismWorldwide,3c75bm
CommunismWorldwide,3c7is6
CommunismWorldwide,3c7ie0
CommunismWorldwide,3c7i81
CommunismWorldwide,3c7iza
CommunismWorldwide,3c53ag
CommunismWorldwide,3c52z8
CommunismWorldwide,3c58yg
CommunismWorldwide,3c4way
CommunismWorldwide,3c3o0c
CommunismWorldwide,3c41kf
CommunismWorldwide,3c4va7
CommunismWorldwide,3c3ovn
CommunismWorldwide,3c3ntr
CommunismWorldwide,3c3ni4
CommunismWorldwide,3c3mp2
CommunismWorldwide,3c0v9g
CommunismWorldwide,3bzrh8
CommunismWorldwide,3bzp67
CommunismWorldwide,3bzq7m
CommunismWorldwide,3bzqob
CommunismWorldwide,3bzq6n
CommunismWorldwide,3by953
CommunismWorldwide,3bycrt
CommunismWorldwide,3bx3hk
CommunismWorldwide,3bvor4
CommunismWorldwide,3bvfes
CommunismWorldwide,3bvf9q
CommunismWorldwide,3bwk2j
CommunismWorldwide,3bvflk
CommunismWorldwide,3bvf55
CommunismWorldwide,3bvf1k
CommunismWorldwide,3bvfug
CommunismWorldwide,3bshyp
CommunismWorldwide,3br3jw
CommunismWorldwide,3br3x2
CommunismWorldwide,3br3xv
CommunismWorldwide,3br9ff
CommunismWorldwide,3br47i
CommunismWorldwide,3br3m6
CommunismWorldwide,3bprdh
CommunismWorldwide,3box7b
CommunismWorldwide,3bmm79
CommunismWorldwide,3boa0o
CommunismWorldwide,3bmq53
CommunismWorldwide,3bmq3v
CommunismWorldwide,3bmrzv
CommunismWorldwide,3bmq7g
CommunismWorldwide,3bkjte
CommunismWorldwide,3bjbpw
CommunismWorldwide,3biaos
CommunismWorldwide,3bi9ya
CommunismWorldwide,3biauy
CommunismWorldwide,3bia42
CommunismWorldwide,3bi9zw
CommunismWorldwide,3bi9v4
CommunismWorldwide,3bglcs
CommunismWorldwide,3bglpk
CommunismWorldwide,3bdf1i
CommunismWorldwide,3bcp7x
CommunismWorldwide,3bbp4e
CommunismWorldwide,3barpu
CommunismWorldwide,3barqy
CommunismWorldwide,3barf7
CommunismWorldwide,3barei
CommunismWorldwide,3ba5g9
CommunismWorldwide,3b9r4l
CommunismWorldwide,3b9npz
CommunismWorldwide,3b78n9
CommunismWorldwide,3b79mc
CommunismWorldwide,3b6uoh
CommunismWorldwide,3b6gc4
CommunismWorldwide,3b6suk
CommunismWorldwide,3b6st6
CommunismWorldwide,3b6srl
CommunismWorldwide,3b6sqp
CommunismWorldwide,3b37xe
CommunismWorldwide,3b2h75
CommunismWorldwide,3b2h9m
CommunismWorldwide,3b2hbm
CommunismWorldwide,3b2h52
CommunismWorldwide,3azw3g
CommunismWorldwide,3b0q3g
CommunismWorldwide,3aylq3
CommunismWorldwide,3ay4j9
CommunismWorldwide,3az049
CommunismWorldwide,3ay4m9
CommunismWorldwide,3axmwt
CommunismWorldwide,3ay4ev
CommunismWorldwide,3aw1d1
CommunismWorldwide,3aujb0
CommunismWorldwide,3avgzu
CommunismWorldwide,3au742
CommunismWorldwide,3atqak
CommunismWorldwide,3avhsl
CommunismWorldwide,3atqsh
CommunismWorldwide,3arnvb
CommunismWorldwide,3atqqg
CommunismWorldwide,3arw78
CommunismWorldwide,3aqsdu
CommunismWorldwide,3apfpt
CommunismWorldwide,3apg19
CommunismWorldwide,3apfvj
CommunismWorldwide,3apfo1
CommunismWorldwide,3ap5s8
CommunismWorldwide,3ao8dy
CommunismWorldwide,3am6m7
CommunismWorldwide,3aml87
CommunismWorldwide,3anir0
CommunismWorldwide,3am62f
CommunismWorldwide,3am65i
CommunismWorldwide,3amil5
CommunismWorldwide,3am6d4
CommunismWorldwide,3am6bk
CommunismWorldwide,3am605
CommunismWorldwide,3aipr6
CommunismWorldwide,3aipha
CommunismWorldwide,3aip7m
CommunismWorldwide,3aip66
CommunismWorldwide,3aiq06
CommunismWorldwide,3ah27f
CommunismWorldwide,3agf4a
CommunismWorldwide,3ag4wj
CommunismWorldwide,3ae7da
CommunismWorldwide,3aejdg
CommunismWorldwide,3aejiy
CommunismWorldwide,3aeshj
CommunismWorldwide,3aezdh
CommunismWorldwide,3aejki
CommunismWorldwide,3abz5o
CommunismWorldwide,3aaj9e
CommunismWorldwide,3aaz5h
CommunismWorldwide,3aaizp
CommunismWorldwide,3aajjq
CommunismWorldwide,3aajgd
CommunismWorldwide,3a9dc3
CommunismWorldwide,3aavmj
CommunismWorldwide,3a7n95
CommunismWorldwide,3a5zro
CommunismWorldwide,3a5yum
CommunismWorldwide,3a6iu1
CommunismWorldwide,3a5zc8
CommunismWorldwide,3a51p4
CommunismWorldwide,3a496s
CommunismWorldwide,3a3lc1
CommunismWorldwide,3a3ney
CommunismWorldwide,3a1gxi
CommunismWorldwide,3a1hbi
CommunismWorldwide,3a1gjo
CommunismWorldwide,3a1582
CommunismWorldwide,3a142y
CommunismWorldwide,3a1hjc
CommunismWorldwide,39zsxu
CommunismWorldwide,39yw4e
CommunismWorldwide,39y849
CommunismWorldwide,39xjev
CommunismWorldwide,39xlro
CommunismWorldwide,39xjik
CommunismWorldwide,39uhkg
CommunismWorldwide,39vbob
CommunismWorldwide,39v5hk
CommunismWorldwide,39uc7k
CommunismWorldwide,39u2sz
CommunismWorldwide,39tqq5
CommunismWorldwide,39t1ni
CommunismWorldwide,39ufct
CommunismWorldwide,39t072
CommunismWorldwide,39szu3
CommunismWorldwide,39px7k
CommunismWorldwide,39puyh
CommunismWorldwide,39ps6h
CommunismWorldwide,39psca
CommunismWorldwide,39pycr
CommunismWorldwide,39nc1g
CommunismWorldwide,39ny7n
CommunismWorldwide,39l584
CommunismWorldwide,39mpnr
CommunismWorldwide,39lowf
CommunismWorldwide,39lmct
CommunismWorldwide,39lmkg
CommunismWorldwide,39lo8l
CommunismWorldwide,39lnso
CommunismWorldwide,39jqkf
CommunismWorldwide,39givz
CommunismWorldwide,39gkr0
CommunismWorldwide,39gjjo
CommunismWorldwide,39gjtu
CommunismWorldwide,39gkhn
CommunismWorldwide,39gkky
CommunismWorldwide,39e5et
CommunismWorldwide,39csfn
CommunismWorldwide,39b8ap
CommunismWorldwide,39apxa
CommunismWorldwide,39a6wv
CommunismWorldwide,39aqgp
CommunismWorldwide,39aq2w
CommunismWorldwide,399cvf
CommunismWorldwide,397554
CommunismWorldwide,396f1u
CommunismWorldwide,395xnd
CommunismWorldwide,395xje
CommunismWorldwide,395xon
CommunismWorldwide,394olk
CommunismWorldwide,392alz
CommunismWorldwide,391juw
CommunismWorldwide,3922hq
CommunismWorldwide,390uoh
CommunismWorldwide,391pgw
CommunismWorldwide,391a3r
CommunismWorldwide,3919yk
CommunismWorldwide,3919tz
CommunismWorldwide,38zk1l
CommunismWorldwide,38zyk2
CommunismWorldwide,38z497
CommunismWorldwide,38zzo8
CommunismWorldwide,38zz9q
CommunismWorldwide,38wu29
CommunismWorldwide,38xumh
CommunismWorldwide,38xczt
CommunismWorldwide,38wu7k
CommunismWorldwide,38xeqn
CommunismWorldwide,38wud5
CommunismWorldwide,38wg80
CommunismWorldwide,38x48g
CommunismWorldwide,38usrk
CommunismWorldwide,38wuac
CommunismWorldwide,38vfv8
CommunismWorldwide,38tuke
CommunismWorldwide,38uj52
CommunismWorldwide,38twz5
CommunismWorldwide,38svtq
CommunismWorldwide,38sqau
CommunismWorldwide,38tdy6
CommunismWorldwide,38sgx6
CommunismWorldwide,38sw1p
CommunismWorldwide,38svsg
CommunismWorldwide,38sviz
CommunismWorldwide,38qzxf
CommunismWorldwide,38ovgu
CommunismWorldwide,38p8xy
CommunismWorldwide,38oekr
CommunismWorldwide,38oesi
CommunismWorldwide,38of30
CommunismWorldwide,38mgv5
CommunismWorldwide,38lpe4
CommunismWorldwide,38ll58
CommunismWorldwide,38j59j
CommunismWorldwide,38j3cv
CommunismWorldwide,38ixk3
CommunismWorldwide,38j30y
CommunismWorldwide,38j38c
CommunismWorldwide,38ixfv
CommunismWorldwide,38ic62
CommunismWorldwide,38fh8s
CommunismWorldwide,38ep2g
CommunismWorldwide,38esun
CommunismWorldwide,38dzfe
CommunismWorldwide,38ewpt
CommunismWorldwide,38e36w
CommunismWorldwide,38drin
CommunismWorldwide,38drwu
CommunismWorldwide,38dzlr
CommunismWorldwide,38e343
CommunismWorldwide,38dgx8
CommunismWorldwide,38dq61
CommunismWorldwide,38ds6p
CommunismWorldwide,38druc
CommunismWorldwide,38bv2x
CommunismWorldwide,38a763
CommunismWorldwide,38baie
CommunismWorldwide,389dbf
CommunismWorldwide,387toc
CommunismWorldwide,387tae
CommunismWorldwide,386nwd
CommunismWorldwide,385ag3
CommunismWorldwide,3837hh
CommunismWorldwide,383702
CommunismWorldwide,3837cg
CommunismWorldwide,3849kl
CommunismWorldwide,380e7f
CommunismWorldwide,3800ui
CommunismWorldwide,37zkk0
CommunismWorldwide,37z73t
CommunismWorldwide,37yk2z
CommunismWorldwide,37yvsq
CommunismWorldwide,37yto6
CommunismWorldwide,37y9ha
CommunismWorldwide,37yjno
CommunismWorldwide,37ykbi
CommunismWorldwide,37wo2f
CommunismWorldwide,37wsq8
CommunismWorldwide,37vdz5
CommunismWorldwide,37va55
CommunismWorldwide,37uldi
CommunismWorldwide,37vd1f
CommunismWorldwide,37ujlc
CommunismWorldwide,37udmn
CommunismWorldwide,37uk4r
CommunismWorldwide,37ujr3
CommunismWorldwide,37tbcg
CommunismWorldwide,37tcdh
CommunismWorldwide,37ti1x
CommunismWorldwide,37s29c
CommunismWorldwide,37q8fb
CommunismWorldwide,37tcao
CommunismWorldwide,37r1ed
CommunismWorldwide,37q8de
CommunismWorldwide,37qt8r
CommunismWorldwide,37q5e4
CommunismWorldwide,37qyeo
CommunismWorldwide,37q8kw
CommunismWorldwide,37obe3
CommunismWorldwide,37ob0w
CommunismWorldwide,37nxtn
CommunismWorldwide,37nlx4
CommunismWorldwide,37l08f
CommunismWorldwide,37ngom
CommunismWorldwide,37lc59
CommunismWorldwide,37nf74
CommunismWorldwide,37le9m
CommunismWorldwide,37ko5b
CommunismWorldwide,37mrkt
CommunismWorldwide,37j6kx
CommunismWorldwide,37j1el
CommunismWorldwide,37jcel
CommunismWorldwide,37j74l
CommunismWorldwide,37iire
CommunismWorldwide,37j0rw
CommunismWorldwide,37h96t
CommunismWorldwide,37h8af
CommunismWorldwide,37haff
CommunismWorldwide,37h78i
CommunismWorldwide,37h6u9
CommunismWorldwide,37hagi
CommunismWorldwide,37fuep
CommunismWorldwide,37c9rt
CommunismWorldwide,37c80d
CommunismWorldwide,37cnmm
CommunismWorldwide,37clu0
CommunismWorldwide,37c1ho
CommunismWorldwide,37c90b
CommunismWorldwide,37c8pp
CommunismWorldwide,37c9uu
CommunismWorldwide,379l8l
CommunismWorldwide,3778qz
CommunismWorldwide,377ck6
CommunismWorldwide,377e7t
CommunismWorldwide,377dwb
CommunismWorldwide,377fqe
CommunismWorldwide,377gro
CommunismWorldwide,377for
CommunismWorldwide,377hnm
CommunismWorldwide,3751eh
CommunismWorldwide,374fqm
CommunismWorldwide,373aiq
CommunismWorldwide,373b5i
CommunismWorldwide,373b25
CommunismWorldwide,3749ri
CommunismWorldwide,373hpc
CommunismWorldwide,372c3c
CommunismWorldwide,372c26
CommunismWorldwide,370ohp
CommunismWorldwide,36zlbm
CommunismWorldwide,37092x
CommunismWorldwide,36zlh1
CommunismWorldwide,36zm8o
CommunismWorldwide,36zyng
CommunismWorldwide,36znbp
CommunismWorldwide,36zm0a
CommunismWorldwide,36zkrc
CommunismWorldwide,36z4nt
CommunismWorldwide,36zkx9
CommunismWorldwide,36zksk
CommunismWorldwide,36zko3
CommunismWorldwide,36ziw7
CommunismWorldwide,36yfmf
CommunismWorldwide,36yf7z
CommunismWorldwide,36xdaa
CommunismWorldwide,36yfga
CommunismWorldwide,36vpuj
CommunismWorldwide,36x0x9
CommunismWorldwide,36x5ig
CommunismWorldwide,36w7oz
CommunismWorldwide,36xdsj
CommunismWorldwide,36vp7v
CommunismWorldwide,36vp0t
CommunismWorldwide,36vosx
CommunismWorldwide,36vor7
CommunismWorldwide,36tsmy
CommunismWorldwide,36sjvd
CommunismWorldwide,36sk3p
CommunismWorldwide,36tng3
CommunismWorldwide,36sjnf
CommunismWorldwide,36sjgc
CommunismWorldwide,36rdk9
CommunismWorldwide,36sjl4
CommunismWorldwide,36q676
CommunismWorldwide,36pb5h
CommunismWorldwide,36p766
CommunismWorldwide,36p9hl
CommunismWorldwide,36mmw0
CommunismWorldwide,36mwjk
CommunismWorldwide,36mnbq
CommunismWorldwide,36mlxi
CommunismWorldwide,36mqxz
CommunismWorldwide,36nhdk
CommunismWorldwide,36mnl4
CommunismWorldwide,36hxsx
CommunismWorldwide,36jmnz
CommunismWorldwide,36jf04
CommunismWorldwide,36jlli
CommunismWorldwide,36jma7
CommunismWorldwide,36ka6x
CommunismWorldwide,36ipj1
CommunismWorldwide,36k8kf
CommunismWorldwide,36i44y
CommunismWorldwide,36hucn
CommunismWorldwide,36hz2p
CommunismWorldwide,36hynz
CommunismWorldwide,36hue2
CommunismWorldwide,36hzaq
CommunismWorldwide,36f7j3
CommunismWorldwide,36eon8
CommunismWorldwide,36emp2
CommunismWorldwide,36f969
CommunismWorldwide,36dz5n
CommunismWorldwide,36dtkj
CommunismWorldwide,36dtar
CommunismWorldwide,36eopq
CommunismWorldwide,36dteg
CommunismWorldwide,36ds8k
CommunismWorldwide,36elxo
CommunismWorldwide,36dswm
CommunismWorldwide,36cdu5
CommunismWorldwide,36bt69
CommunismWorldwide,369kwx
CommunismWorldwide,36au6m
CommunismWorldwide,369n25
CommunismWorldwide,369qz0
CommunismWorldwide,369m4f
CommunismWorldwide,369kzf
CommunismWorldwide,369l1j
CommunismWorldwide,36800r
CommunismWorldwide,367j1f
CommunismWorldwide,366epw
CommunismWorldwide,36619f
CommunismWorldwide,3660na
CommunismWorldwide,3660dx
CommunismWorldwide,3662kk
CommunismWorldwide,3661jn
CommunismWorldwide,3660m4
CommunismWorldwide,36603h
CommunismWorldwide,36608e
CommunismWorldwide,3651ee
CommunismWorldwide,366enx
CommunismWorldwide,364dkd
CommunismWorldwide,3651ad
CommunismWorldwide,364hk4
CommunismWorldwide,363kam
CommunismWorldwide,363yo6
CommunismWorldwide,363wio
CommunismWorldwide,364evw
CommunismWorldwide,363w04
CommunismWorldwide,363ym5
CommunismWorldwide,363k36
CommunismWorldwide,362cdb
CommunismWorldwide,362djg
CommunismWorldwide,3628wa
CommunismWorldwide,360lhk
CommunismWorldwide,3627ti
CommunismWorldwide,35zpyq
CommunismWorldwide,35zr01
CommunismWorldwide,35y32c
CommunismWorldwide,35zfen
CommunismWorldwide,35xu7b
CommunismWorldwide,35xutw
CommunismWorldwide,35xuey
CommunismWorldwide,35xt4u
CommunismWorldwide,35x22h
CommunismWorldwide,35x8nk
CommunismWorldwide,35xuc7
CommunismWorldwide,35woag
CommunismWorldwide,35vy3b
CommunismWorldwide,35vz95
CommunismWorldwide,35thwz
CommunismWorldwide,35thmt
CommunismWorldwide,35vr8q
CommunismWorldwide,35thld
CommunismWorldwide,35thq1
CommunismWorldwide,35ti1x
CommunismWorldwide,35rf33
CommunismWorldwide,35rga2
CommunismWorldwide,35r3hz
CommunismWorldwide,35rg3x
CommunismWorldwide,35rf7g
CommunismWorldwide,35qavr
CommunismWorldwide,35qzi0
CommunismWorldwide,35pm96
CommunismWorldwide,35rfjw
CommunismWorldwide,35pmwx
CommunismWorldwide,35pkhn
CommunismWorldwide,35oep5
CommunismWorldwide,35nixi
CommunismWorldwide,35mzgk
CommunismWorldwide,35nlke
CommunismWorldwide,35npy4
CommunismWorldwide,35mixr
CommunismWorldwide,35miut
CommunismWorldwide,35misv
CommunismWorldwide,35mi4v
CommunismWorldwide,35mhxk
CommunismWorldwide,35kvqu
CommunismWorldwide,35migv
CommunismWorldwide,35lijq
CommunismWorldwide,35ki55
CommunismWorldwide,35j5eo
CommunismWorldwide,35ioqg
CommunismWorldwide,35i1uc
CommunismWorldwide,35hsu9
CommunismWorldwide,35hrae
CommunismWorldwide,35hrf4
CommunismWorldwide,35hrbm
CommunismWorldwide,35hpi0
CommunismWorldwide,35gvjb
CommunismWorldwide,35guas
CommunismWorldwide,35f8wk
CommunismWorldwide,35f34w
CommunismWorldwide,35echp
CommunismWorldwide,35fbwb
CommunismWorldwide,35edqk
CommunismWorldwide,35e9gc
CommunismWorldwide,35e9al
CommunismWorldwide,35eaov
CommunismWorldwide,35e9f9
CommunismWorldwide,35cldc
CommunismWorldwide,35c17b
CommunismWorldwide,35b8ii
CommunismWorldwide,35bejl
CommunismWorldwide,35ahbc
CommunismWorldwide,359xzz
CommunismWorldwide,35ahxk
CommunismWorldwide,35ahf4
CommunismWorldwide,35ahdp
CommunismWorldwide,35agkm
CommunismWorldwide,359wrq
CommunismWorldwide,35923d
CommunismWorldwide,3591sa
CommunismWorldwide,3569ml
CommunismWorldwide,3569kf
CommunismWorldwide,356aah
CommunismWorldwide,356a4o
CommunismWorldwide,355bsy
CommunismWorldwide,353rd4
CommunismWorldwide,353pki
CommunismWorldwide,352mko
CommunismWorldwide,352pqk
CommunismWorldwide,353ovo
CommunismWorldwide,352d4j
CommunismWorldwide,351jgm
CommunismWorldwide,352dwg
CommunismWorldwide,3529r9
CommunismWorldwide,35271u
CommunismWorldwide,34zd4d
CommunismWorldwide,34ykae
CommunismWorldwide,34zewe
CommunismWorldwide,34zok3
CommunismWorldwide,34zv4y
CommunismWorldwide,34yhzi
CommunismWorldwide,34xuu8
CommunismWorldwide,34yfej
CommunismWorldwide,34xvml
CommunismWorldwide,34xujs
CommunismWorldwide,34xvkl
CommunismWorldwide,34wzq6
CommunismWorldwide,34v55u
CommunismWorldwide,34w52y
CommunismWorldwide,34viey
CommunismWorldwide,34v8yt
CommunismWorldwide,34vhl4
CommunismWorldwide,34tnhk
CommunismWorldwide,34vj0s
CommunismWorldwide,34tphp
CommunismWorldwide,34tn3d
CommunismWorldwide,34tn13
CommunismWorldwide,34tnpi
CommunismWorldwide,34tn1z
CommunismWorldwide,34rx0d
CommunismWorldwide,34rxq5
CommunismWorldwide,34s12i
CommunismWorldwide,34r451
CommunismWorldwide,34pyqs
CommunismWorldwide,34pyhh
CommunismWorldwide,34q2un
CommunismWorldwide,34q1x7
CommunismWorldwide,34pymh
CommunismWorldwide,34q21z
CommunismWorldwide,34o2y1
CommunismWorldwide,34oe4q
CommunismWorldwide,34nkr4
CommunismWorldwide,34nfmy
CommunismWorldwide,34nn11
CommunismWorldwide,34nk03
CommunismWorldwide,34mf0f
CommunismWorldwide,34mhre
CommunismWorldwide,34megc
CommunismWorldwide,34ko2h
CommunismWorldwide,34inct
CommunismWorldwide,34im5d
CommunismWorldwide,34ilw3
CommunismWorldwide,34imj9
CommunismWorldwide,34i02r
CommunismWorldwide,34i00r
CommunismWorldwide,34ilzj
CommunismWorldwide,34imck
CommunismWorldwide,34fvau
CommunismWorldwide,34fwgz
CommunismWorldwide,34ftwi
CommunismWorldwide,34fql4
CommunismWorldwide,34et9i
CommunismWorldwide,34eb59
CommunismWorldwide,34ec3x
CommunismWorldwide,34ebfh
CommunismWorldwide,34ebcq
CommunismWorldwide,34ebm8
CommunismWorldwide,34d8pn
CommunismWorldwide,34cb9r
CommunismWorldwide,34cr31
CommunismWorldwide,34d8na
CommunismWorldwide,34d8h6
CommunismWorldwide,34c4fw
CommunismWorldwide,34bwuw
CommunismWorldwide,34bq66
CommunismWorldwide,34btmq
CommunismWorldwide,349tb5
CommunismWorldwide,34a4id
CommunismWorldwide,349t27
CommunismWorldwide,349uca
CommunismWorldwide,349u3k
CommunismWorldwide,349d3m
CommunismWorldwide,349udy
CommunismWorldwide,348tsk
CommunismWorldwide,348k54
CommunismWorldwide,3473n4
CommunismWorldwide,348l1h
CommunismWorldwide,348kcg
CommunismWorldwide,345qul
CommunismWorldwide,347fiy
CommunismWorldwide,345r4g
CommunismWorldwide,3474lx
CommunismWorldwide,3472ha
CommunismWorldwide,345t2a
CommunismWorldwide,345tjy
CommunismWorldwide,347582
CommunismWorldwide,345t71
CommunismWorldwide,345rqh
CommunismWorldwide,345rly
CommunismWorldwide,34415f
CommunismWorldwide,3433bx
CommunismWorldwide,342fa4
CommunismWorldwide,341omy
CommunismWorldwide,342cm1
CommunismWorldwide,342a38
CommunismWorldwide,341p8r
CommunismWorldwide,342j32
CommunismWorldwide,341oo5
CommunismWorldwide,3415vq
CommunismWorldwide,342bco
CommunismWorldwide,341p5w
CommunismWorldwide,341ost
CommunismWorldwide,341p3x
CommunismWorldwide,342hbr
CommunismWorldwide,33yu3a
CommunismWorldwide,33z4af
CommunismWorldwide,33yb6g
CommunismWorldwide,33yg3j
CommunismWorldwide,33wybm
CommunismWorldwide,33wy8n
CommunismWorldwide,33xazh
CommunismWorldwide,33xabj
CommunismWorldwide,33xa83
CommunismWorldwide,33vrgi
CommunismWorldwide,33ukj5
CommunismWorldwide,33vrfp
CommunismWorldwide,33ulz4
CommunismWorldwide,33uxb8
CommunismWorldwide,33uqkx
CommunismWorldwide,33uzjj
CommunismWorldwide,33upt3
CommunismWorldwide,33urqu
CommunismWorldwide,33uwai
CommunismWorldwide,33tsx6
CommunismWorldwide,33tsrq
CommunismWorldwide,33tf12
CommunismWorldwide,33te2f
CommunismWorldwide,33tcwu
CommunismWorldwide,33u8f1
CommunismWorldwide,33tdwn
CommunismWorldwide,33r21c
CommunismWorldwide,33pof2
CommunismWorldwide,33qzg5
CommunismWorldwide,33q2dv
CommunismWorldwide,33qru6
CommunismWorldwide,33pozt
CommunismWorldwide,33qpxu
CommunismWorldwide,33pou7
CommunismWorldwide,33pojz
CommunismWorldwide,33mjgb
CommunismWorldwide,33lxq0
CommunismWorldwide,33n52f
CommunismWorldwide,33ms5e
CommunismWorldwide,33n48w
CommunismWorldwide,33mi29
CommunismWorldwide,33mhn7
CommunismWorldwide,33mes9
CommunismWorldwide,33kddn
CommunismWorldwide,33icdi
CommunismWorldwide,33hpoo
CommunismWorldwide,33hbqb
CommunismWorldwide,33i76r
CommunismWorldwide,33ias2
CommunismWorldwide,33i5wk
CommunismWorldwide,33h7lk
CommunismWorldwide,33h7g2
CommunismWorldwide,33h6gv
CommunismWorldwide,33ftzo
CommunismWorldwide,33f4nr
CommunismWorldwide,33eddj
CommunismWorldwide,33dtei
CommunismWorldwide,33ep0u
CommunismWorldwide,33e3op
CommunismWorldwide,33dsll
CommunismWorldwide,33eam3
CommunismWorldwide,33e98n
CommunismWorldwide,33civa
CommunismWorldwide,33d5jy
CommunismWorldwide,33d5hk
CommunismWorldwide,33cjl5
CommunismWorldwide,33cjna
CommunismWorldwide,33d7ys
CommunismWorldwide,33d78k
CommunismWorldwide,33a3f5
CommunismWorldwide,33a97t
CommunismWorldwide,338tby
CommunismWorldwide,33a1ua
CommunismWorldwide,338v1y
CommunismWorldwide,338qcx
CommunismWorldwide,338pyq
CommunismWorldwide,338pr1
CommunismWorldwide,3367wt
CommunismWorldwide,336qn1
CommunismWorldwide,3360un
CommunismWorldwide,334hbt
CommunismWorldwide,334ihd
CommunismWorldwide,333kfq
CommunismWorldwide,332si3
CommunismWorldwide,333nn0
CommunismWorldwide,333kw9
CommunismWorldwide,333k2c
CommunismWorldwide,3321xh
CommunismWorldwide,332tur
CommunismWorldwide,331fy7
CommunismWorldwide,332gsq
CommunismWorldwide,33142p
CommunismWorldwide,3306t7
CommunismWorldwide,32y0gf
CommunismWorldwide,32xavr
CommunismWorldwide,32xr45
CommunismWorldwide,32xusm
CommunismWorldwide,32xsy6
CommunismWorldwide,32x5bl
CommunismWorldwide,32x597
CommunismWorldwide,32w4om
CommunismWorldwide,32w3f9
CommunismWorldwide,32v1da
CommunismWorldwide,32vcxw
CommunismWorldwide,32usqh
CommunismWorldwide,32us28
CommunismWorldwide,32w4ty
CommunismWorldwide,32utbl
CommunismWorldwide,32uvxw
CommunismWorldwide,32uwjh
CommunismWorldwide,32t91n
CommunismWorldwide,32w43y
CommunismWorldwide,32vfxz
CommunismWorldwide,32smop
CommunismWorldwide,32t9v0
CommunismWorldwide,32vcpo
CommunismWorldwide,32t8up
CommunismWorldwide,32t9b8
CommunismWorldwide,32t8on
CommunismWorldwide,32qeun
CommunismWorldwide,32pt5y
CommunismWorldwide,32r281
CommunismWorldwide,32q7q2
CommunismWorldwide,32q46n
CommunismWorldwide,32o6dl
CommunismWorldwide,32oa72
CommunismWorldwide,32o1fx
CommunismWorldwide,32nftf
CommunismWorldwide,32nf0t
CommunismWorldwide,32m4ti
CommunismWorldwide,32ng2s
CommunismWorldwide,32nfqm
CommunismWorldwide,32nflf
CommunismWorldwide,32nfhu
