Cubs,3e5ppz
Cubs,3e515j
Cubs,3e425e
Cubs,3e2hzl
Cubs,3dykh2
Cubs,3e0upy
Cubs,3dzia6
Cubs,3dw8zg
Cubs,3dz04c
Cubs,3dyr94
Cubs,3dw25b
Cubs,3dusx8
Cubs,3duspq
Cubs,3dvspw
Cubs,3dsuc3
Cubs,3dspx4
Cubs,3drn5f
Cubs,3dnpuo
Cubs,3dp669
Cubs,3doww7
Cubs,3dnd3y
Cubs,3dmnxw
Cubs,3dnyec
Cubs,3djkeo
Cubs,3dio5h
Cubs,3dl13v
Cubs,3dl0b9
Cubs,3di0td
Cubs,3denqi
Cubs,3ddb56
Cubs,3dbgyt
Cubs,3dawfl
Cubs,3d6gy2
Cubs,3d61j7
Cubs,3d595a
Cubs,3d1sbv
Cubs,3d2lvf
Cubs,3d373a
Cubs,3d2ole
Cubs,3d0pw1
Cubs,3czlc1
Cubs,3cxemy
Cubs,3cyi90
Cubs,3ctfjo
Cubs,3cu1v3
Cubs,3cvz00
Cubs,3ctf8y
Cubs,3cuphe
Cubs,3ctrf1
Cubs,3cuta6
Cubs,3ctyxq
Cubs,3cqndu
Cubs,3cobyw
Cubs,3cqh1l
Cubs,3cq08z
Cubs,3clstb
Cubs,3cljh6
Cubs,3cimd7
Cubs,3cmuce
Cubs,3cliv6
Cubs,3ciapd
Cubs,3cfraq
Cubs,3ci6m1
Cubs,3cgw4i
Cubs,3cioua
Cubs,3chwm8
Cubs,3cff79
Cubs,3ccyvx
Cubs,3ch29o
Cubs,3ch0m9
Cubs,3cezoo
Cubs,3ci4xd
Cubs,3cfzot
Cubs,3cdil7
Cubs,3cbs51
Cubs,3ce02s
Cubs,3cdysu
Cubs,3ccidj
Cubs,3cbkma
Cubs,3cakww
Cubs,3cbgdx
Cubs,3cc5fl
Cubs,3c88k5
Cubs,3c7ahw
Cubs,3c79kv
Cubs,3c7eh4
Cubs,3c5r7f
Cubs,3c5ry4
Cubs,3c59ao
Cubs,3c4ub2
Cubs,3c26ae
Cubs,3c1b51
Cubs,3c01ej
Cubs,3bwq33
Cubs,3bvha7
Cubs,3bu13f
Cubs,3brlui
Cubs,3bs4ky
Cubs,3bsixk
Cubs,3bp9n0
Cubs,3bo7x5
Cubs,3bmgcn
Cubs,3bpeii
Cubs,3bp4yn
Cubs,3bivd7
Cubs,3bh8tj
Cubs,3bepn6
Cubs,3bfmzp
Cubs,3bfsxg
Cubs,3bh0hs
Cubs,3baxn3
Cubs,3bcgf5
Cubs,3bd4z5
Cubs,3bc35v
Cubs,3bbetc
Cubs,3bas9r
Cubs,3b9rzh
Cubs,3b8lw5
Cubs,3b5oq8
Cubs,3b6upb
Cubs,3b4bmd
Cubs,3b2y02
Cubs,3b1cqt
Cubs,3b26ic
Cubs,3ay9z9
Cubs,3ay35c
Cubs,3b16ef
Cubs,3azvv3
Cubs,3awswz
Cubs,3axeuj
Cubs,3atupr
Cubs,3avjb0
Cubs,3ax39d
Cubs,3atpkj
Cubs,3aut4e
Cubs,3asi76
Cubs,3ascao
Cubs,3aq0pl
Cubs,3ao8xs
Cubs,3ar5zm
Cubs,3aqpb8
Cubs,3an3rs
Cubs,3alzej
Cubs,3air0x
Cubs,3ajpe5
Cubs,3aiki7
Cubs,3agd0m
Cubs,3ahgqc
Cubs,3ahdfr
Cubs,3ag1pz
Cubs,3aezlr
Cubs,3ah0eo
Cubs,3ad7al
Cubs,3abofg
Cubs,3a8lx1
Cubs,3a88ku
Cubs,3a7boi
Cubs,3a846o
Cubs,3a43ch
Cubs,3a1b5k
Cubs,3a4cdw
Cubs,39zlxt
Cubs,3a32op
Cubs,3a1gca
Cubs,3a3j7d
Cubs,3a1xwp
Cubs,3a1soo
Cubs,39zwjr
Cubs,39zwh6
Cubs,39ykwg
Cubs,39yazx
Cubs,39wrry
Cubs,39voy4
Cubs,39vm5h
Cubs,39ubeq
Cubs,39uc2e
Cubs,39v4pz
Cubs,39s0bb
Cubs,39qlwt
Cubs,39o86c
Cubs,39nake
Cubs,39ny3p
Cubs,39jehv
Cubs,39lnug
Cubs,39lsfg
Cubs,39ng26
Cubs,39g4q5
Cubs,39jby2
Cubs,39j7ak
Cubs,39hz4h
Cubs,39gowu
Cubs,39dvtc
Cubs,39c9k0
Cubs,39bfm9
Cubs,396pzu
Cubs,398ne8
Cubs,398rzp
Cubs,397erj
Cubs,39750p
Cubs,396z32
Cubs,393h3t
Cubs,393qrn
Cubs,393sq5
Cubs,392dvo
Cubs,3936lq
Cubs,38yqqw
Cubs,38z183
Cubs,38ydp5
Cubs,38ymt6
Cubs,38xacf
Cubs,38yn1q
Cubs,38v31y
Cubs,38v8jm
Cubs,38tpab
Cubs,38sken
Cubs,38sj51
Cubs,38r0w6
Cubs,38ppae
Cubs,38qsi3
Cubs,38lor6
Cubs,38mhmd
Cubs,38jl7x
Cubs,38l9hd
Cubs,38kdlu
Cubs,38gnwc
Cubs,38cozn
Cubs,38dhhq
Cubs,38f3im
Cubs,3881s3
Cubs,38bp7r
Cubs,38b3qq
Cubs,38b3fq
Cubs,389xkc
Cubs,387q8y
Cubs,388i5s
Cubs,389nbl
Cubs,389exz
Cubs,3894gm
Cubs,385wco
Cubs,384hvf
Cubs,383ch0
Cubs,386k4r
Cubs,380cqs
Cubs,382ch2
Cubs,3824d9
Cubs,3809el
Cubs,37z3ie
Cubs,37yrd7
Cubs,380eos
Cubs,37vrg1
