Demotivational,3dnsqv
Demotivational,3d305h
Demotivational,3bth7g
Demotivational,3bi8n8
Demotivational,3beqq4
Demotivational,39jd9d
Demotivational,39g9mm
Demotivational,39c8ti
Demotivational,39c9h0
Demotivational,39c673
Demotivational,39c7ze
Demotivational,39c7mp
Demotivational,39c58p
Demotivational,37xjnd
Demotivational,37iet7
Demotivational,36irgb
Demotivational,35px3b
Demotivational,34hnuc
Demotivational,34aim5
Demotivational,336n28
Demotivational,32pvli
Demotivational,32n5sv
Demotivational,32h9qn
Demotivational,321c83
Demotivational,31ignl
Demotivational,2zu9cd
Demotivational,2zg7w1
Demotivational,2yfx8n
Demotivational,2ygb0r
Demotivational,2xj0e4
Demotivational,2w4r2m
Demotivational,2vwg4u
Demotivational,2vc1hy
Demotivational,2vb8qy
Demotivational,2ue0pn
Demotivational,2tonsy
Demotivational,2tkt3j
Demotivational,2tjaa1
Demotivational,2qaw7q
Demotivational,2q13op
Demotivational,2ptf2n
Demotivational,2pms64
Demotivational,2pglw9
Demotivational,2p9rhy
Demotivational,2pafev
Demotivational,2opjdu
Demotivational,2ndl4s
Demotivational,2mvy75
Demotivational,2lhron
Demotivational,2kqh6p
Demotivational,2kk76h
Demotivational,2khg5l
Demotivational,2kbeyu
Demotivational,2j5v82
Demotivational,2i6k61
Demotivational,2i7pgd
Demotivational,2hs8cl
Demotivational,2hs8mo
Demotivational,2h9pmo
Demotivational,2fkhli
Demotivational,2fg9cj
Demotivational,2dg8mv
Demotivational,2cz6uz
Demotivational,2cpeni
Demotivational,2c8uvt
Demotivational,2bi2b7
Demotivational,2a67g6
Demotivational,28cdx4
Demotivational,2891z6
Demotivational,27bvb2
Demotivational,26hmh2
Demotivational,26hwnw
Demotivational,26ez7v
Demotivational,26arkk
Demotivational,265587
Demotivational,265moy
Demotivational,25o2hm
Demotivational,253y3n
Demotivational,24omg3
Demotivational,24mx1n
Demotivational,240ms8
Demotivational,23waf5
Demotivational,23wra5
Demotivational,23wm0u
Demotivational,23mkor
Demotivational,23b7ix
Demotivational,22q6zq
Demotivational,227vkz
Demotivational,226j9m
Demotivational,225tjg
Demotivational,226j4q
Demotivational,2248ey
Demotivational,222td4
Demotivational,21w05j
Demotivational,21qwgh
Demotivational,21f666
Demotivational,21a8xj
Demotivational,2117ff
Demotivational,20uh2m
Demotivational,20suxz
Demotivational,20tv4h
Demotivational,20ob0o
Demotivational,20oc14
Demotivational,20n2yg
Demotivational,20c0si
Demotivational,2020rx
Demotivational,1zqgky
Demotivational,1zrlh6
Demotivational,1zkrl6
Demotivational,1zmc34
Demotivational,1zjvlx
Demotivational,1zhpa8
Demotivational,1zed7z
Demotivational,1z14jo
Demotivational,1z169x
Demotivational,1yxzbc
Demotivational,1ywa1x
Demotivational,1yx0rv
Demotivational,1yx6ka
Demotivational,1ys24c
Demotivational,1yk90v
Demotivational,1yigrf
Demotivational,1yav0f
Demotivational,1yar7g
Demotivational,1xqyty
Demotivational,1xki2r
Demotivational,1x7r9m
Demotivational,1wpnv1
Demotivational,1wnaq0
Demotivational,1wleju
Demotivational,1vmzax
Demotivational,1vfaxc
Demotivational,1vb6w8
Demotivational,1v42i7
Demotivational,1up3pc
Demotivational,1ujviv
Demotivational,1ufpmq
Demotivational,1u5v2y
Demotivational,1u2bkf
Demotivational,1trx6m
Demotivational,1t19a0
Demotivational,1ss993
Demotivational,1sjx5i
Demotivational,1s608y
Demotivational,1s24mf
Demotivational,1rlzas
Demotivational,1rgbgh
Demotivational,1rbs5h
Demotivational,1r4jls
Demotivational,1qs5fb
Demotivational,1qlac8
Demotivational,1qaqpm
Demotivational,1pzbzc
Demotivational,1poou3
Demotivational,1pkmwa
Demotivational,1pi4bs
Demotivational,1pavrw
Demotivational,1p5f3u
Demotivational,1p2ghp
Demotivational,1p3gks
Demotivational,1ozyyf
Demotivational,1ordw4
Demotivational,1oiq9u
Demotivational,1obf9i
Demotivational,1o6gai
Demotivational,1o3qux
Demotivational,1nr66l
Demotivational,1no3pf
Demotivational,1nhmvn
Demotivational,1na4o8
Demotivational,1n7cel
Demotivational,1n4x3v
Demotivational,1n0lmf
Demotivational,1mscor
Demotivational,1mkwwu
Demotivational,1mht28
Demotivational,1mcq0m
Demotivational,1m8q4d
Demotivational,1m5n6l
Demotivational,1m21dq
Demotivational,1m2vpy
Demotivational,1m245k
Demotivational,1lzp0b
Demotivational,1lv5uf
Demotivational,1lp6gt
Demotivational,1ll3wk
Demotivational,1lm8q9
Demotivational,1lcmf5
Demotivational,1lai7m
Demotivational,1l3nr2
Demotivational,1l3oka
Demotivational,1l1ka6
Demotivational,1l055u
Demotivational,1kzoq8
Demotivational,1kwkxb
Demotivational,1knf39
Demotivational,1kkcci
Demotivational,1kkbi8
Demotivational,1kksbz
Demotivational,1kgs2h
Demotivational,1kgl4b
Demotivational,1kepn2
Demotivational,1k9e2k
Demotivational,1k5m35
Demotivational,1k34do
Demotivational,1jykw2
Demotivational,1jxvyr
Demotivational,1joqyl
Demotivational,1jnj37
Demotivational,1jjgm7
Demotivational,1jfh4o
Demotivational,1jfrik
Demotivational,1jay6z
Demotivational,1j9uzj
Demotivational,1j8zit
Demotivational,1j6m5y
Demotivational,1j45ot
Demotivational,1j4ndv
Demotivational,1j3jlu
Demotivational,1j3v1h
Demotivational,1j188c
Demotivational,1j1oq3
Demotivational,1iyiu5
Demotivational,1iybn1
Demotivational,1ixnkj
