FinalFantasy,3e23hb
FinalFantasy,3e3a1f
FinalFantasy,3e41dp
FinalFantasy,3e2yme
FinalFantasy,3e4306
FinalFantasy,3dyjzf
FinalFantasy,3e37kk
FinalFantasy,3e3s0j
FinalFantasy,3e2u0j
FinalFantasy,3e0k2v
FinalFantasy,3e2l6c
FinalFantasy,3e00ci
FinalFantasy,3dzsgd
FinalFantasy,3e2kxj
FinalFantasy,3dw9k9
FinalFantasy,3e26lz
FinalFantasy,3e1y97
FinalFantasy,3e0r6s
FinalFantasy,3e0kin
FinalFantasy,3e2kia
FinalFantasy,3dv0o0
FinalFantasy,3dze07
FinalFantasy,3dyq8m
FinalFantasy,3e1aev
FinalFantasy,3dxlhn
