giveaways,3e6jnx
giveaways,3e6itl
giveaways,3e6igt
giveaways,3e6hij
giveaways,3e6g5s
giveaways,3e6g1k
giveaways,3e5llc
giveaways,3e5hda
giveaways,3e63bp
giveaways,3e5uny
giveaways,3e5olb
giveaways,3e5j1v
giveaways,3e5iwt
giveaways,3e530k
giveaways,3e38wn
giveaways,3e4zfr
giveaways,3e4wxw
giveaways,3e4o96
giveaways,3e4o26
giveaways,3e4o1h
giveaways,3e4nwr
giveaways,3e4ivs
giveaways,3e3lri
giveaways,3e3ko6
giveaways,3e4fdc
giveaways,3e4czw
giveaways,3e4cyk
giveaways,3e4cqe
giveaways,3e4bi2
giveaways,3e3ekq
giveaways,3e4b7y
giveaways,3e4aan
giveaways,3e49je
giveaways,3e48az
giveaways,3e480v
giveaways,3e47vn
giveaways,3e47u2
giveaways,3e47f6
giveaways,3e44va
giveaways,3e43jz
giveaways,3e42sg
giveaways,3e2d1a
giveaways,3e40ow
giveaways,3e3zwe
giveaways,3e3t9t
giveaways,3e3qg0
giveaways,3e3m8m
giveaways,3e3luw
giveaways,3e3lhx
giveaways,3e3lf1
giveaways,3e3lbh
giveaways,3e3k12
giveaways,3e2o1b
giveaways,3e3bus
giveaways,3e3bpk
giveaways,3e3agu
giveaways,3e37d2
giveaways,3e379u
giveaways,3e377n
giveaways,3e2ebn
giveaways,3e2e7w
giveaways,3e2e7k
giveaways,3e342v
giveaways,3e32km
giveaways,3e1ttr
giveaways,3e1wxb
giveaways,3e2nje
giveaways,3e2l0l
giveaways,3e1zr2
giveaways,3e1zha
giveaways,3e280n
giveaways,3e27xw
giveaways,3e27xk
giveaways,3e23io
giveaways,3e1b3r
giveaways,3e22t9
giveaways,3e22ev
giveaways,3e1xla
giveaways,3e1w8m
giveaways,3e0fda
giveaways,3e1v5n
giveaways,3e0tc1
giveaways,3e1qym
giveaways,3e1lgw
giveaways,3e0on7
giveaways,3e0ojp
giveaways,3e0oi7
giveaways,3e1b5a
giveaways,3e19q3
giveaways,3e02gs
giveaways,3e0ink
giveaways,3e10zv
giveaways,3dzpqn
giveaways,3e0vu7
giveaways,3dzyd3
giveaways,3dzxfh
giveaways,3e0otp
giveaways,3e0lba
giveaways,3e0kmq
giveaways,3e0kie
giveaways,3e0kdk
giveaways,3e0kba
giveaways,3e0k6y
giveaways,3e0jqz
giveaways,3dzlog
giveaways,3e0cxq
giveaways,3e0bi1
giveaways,3e0493
giveaways,3dz3mo
giveaways,3dybdf
giveaways,3dyb8k
giveaways,3dyb6p
giveaways,3dyb4m
giveaways,3dyqjs
giveaways,3dxuxe
giveaways,3dymxj
giveaways,3dyg2r
giveaways,3dybia
giveaways,3dybc8
giveaways,3dz4hp
giveaways,3dxw2p
giveaways,3dxms3
giveaways,3dxlej
giveaways,3dxi6j
giveaways,3dxfgy
giveaways,3dx416
giveaways,3dwnvi
giveaways,3dxfxy
giveaways,3dx6dh
giveaways,3dx5er
giveaways,3dx20a
giveaways,3dx07w
giveaways,3dv1mh
giveaways,3dwpgs
giveaways,3dwoxd
giveaways,3dwnr1
giveaways,3dwnlf
giveaways,3dwn5a
giveaways,3dwmox
giveaways,3dwman
giveaways,3dwlsa
giveaways,3dvuqc
giveaways,3dvoh6
giveaways,3dw9vb
giveaways,3dw6rn
giveaways,3dw3pt
giveaways,3dvz35
giveaways,3dvtfw
giveaways,3dvpjd
giveaways,3dvolb
giveaways,3duxad
giveaways,3dvntx
giveaways,3dvnlf
giveaways,3duv45
giveaways,3dv4fr
giveaways,3dv1x9
giveaways,3duakn
giveaways,3duzgo
giveaways,3dudts
giveaways,3ducea
giveaways,3du425
giveaways,3du3xm
giveaways,3dtu4a
giveaways,3dtp7e
giveaways,3dtkrz
giveaways,3dtjzs
giveaways,3ds26b
giveaways,3dt95m
giveaways,3ds1wz
giveaways,3dt26t
giveaways,3dt123
giveaways,3dszx5
giveaways,3dszrt
giveaways,3dsyk8
giveaways,3dsy97
giveaways,3dsx9s
giveaways,3dsw34
giveaways,3drtuh
giveaways,3ds6wu
giveaways,3ds5eu
giveaways,3ds565
giveaways,3dsmlj
giveaways,3dsiv4
giveaways,3dsi76
giveaways,3dshdq
giveaways,3dsh27
giveaways,3dsgyt
giveaways,3ds8el
giveaways,3ds86z
giveaways,3drj7u
giveaways,3ds6lf
giveaways,3drfyl
giveaways,3dqoit
giveaways,3ds2rr
giveaways,3drcdq
giveaways,3drc81
giveaways,3dr3rj
giveaways,3dqgra
giveaways,3dqowl
giveaways,3dqoo3
giveaways,3dqohc
giveaways,3dqmny
giveaways,3dqldg
giveaways,3dqh6s
giveaways,3dqh04
giveaways,3dq7ja
giveaways,3dq6xi
giveaways,3dpxby
giveaways,3dqhav
giveaways,3dpz3c
giveaways,3dpnup
giveaways,3dq1yt
giveaways,3dpeh7
giveaways,3dpaj6
giveaways,3dp8gz
giveaways,3dp7hj
giveaways,3dp452
giveaways,3doy40
giveaways,3doy0e
giveaways,3doxvv
giveaways,3dolog
giveaways,3do810
giveaways,3doqqn
giveaways,3dnpk4
giveaways,3dohjx
giveaways,3dofkg
giveaways,3doeyx
giveaways,3dnhyt
giveaways,3do4s7
giveaways,3dnwmb
giveaways,3dn0ds
giveaways,3dmyvf
giveaways,3dnqio
giveaways,3dnpsg
giveaways,3dnp73
giveaways,3dnov2
giveaways,3dnmvr
giveaways,3dnmmt
giveaways,3dnmeu
giveaways,3dnmb9
giveaways,3dnm7u
giveaways,3dmr4l
giveaways,3dmn7e
giveaways,3dngjs
giveaways,3dng7p
giveaways,3dnexd
giveaways,3dne1n
giveaways,3dmdxp
giveaways,3dn2xb
giveaways,3dn1yi
giveaways,3dn1uc
giveaways,3dn14n
giveaways,3dn0tf
giveaways,3dn0jc
giveaways,3dlwlm
giveaways,3dmota
giveaways,3dmk4i
giveaways,3dmh9b
giveaways,3dlkol
giveaways,3dm8z4
giveaways,3dm7uy
giveaways,3dm7mk
giveaways,3dm4wv
giveaways,3dljqo
giveaways,3dlwz0
giveaways,3dls9d
giveaways,3dlpq1
giveaways,3dlmsf
giveaways,3dkg11
giveaways,3dlbsr
giveaways,3dlbhi
giveaways,3dkg95
giveaways,3dky8b
giveaways,3djmto
giveaways,3dkozc
giveaways,3dkoit
giveaways,3djups
giveaways,3dkjmt
giveaways,3dkj0j
giveaways,3dkgpc
giveaways,3djmrw
giveaways,3dkfg2
giveaways,3dkeyw
giveaways,3djjyj
giveaways,3djjoa
giveaways,3djizz
giveaways,3dkc7u
giveaways,3dk7ot
giveaways,3dk7ig
giveaways,3dk77w
giveaways,3dk71o
giveaways,3dk6vw
giveaways,3dk3ao
giveaways,3dk27c
giveaways,3diop6
giveaways,3dinw1
giveaways,3dj5or
giveaways,3dix6f
giveaways,3djrwv
giveaways,3di2wo
giveaways,3disnh
giveaways,3digx2
giveaways,3digjr
giveaways,3di8mc
giveaways,3di6o2
giveaways,3di2nr
giveaways,3dhikm
giveaways,3dhynv
giveaways,3dhug4
giveaways,3dhtk3
giveaways,3dhs8e
giveaways,3dhs2g
giveaways,3dhkx5
giveaways,3dhjs4
giveaways,3dg5sv
giveaways,3dhbon
giveaways,3dfx7b
giveaways,3dg5el
giveaways,3dh2zn
giveaways,3dgwgu
giveaways,3dgnnq
giveaways,3dgjoj
giveaways,3dggim
giveaways,3dgedb
giveaways,3dft6m
giveaways,3dfm4e
giveaways,3dfevy
giveaways,3deg45
giveaways,3dfcp4
giveaways,3dfcj3
giveaways,3dfc6s
giveaways,3dfaeb
giveaways,3df53k
giveaways,3df3oz
giveaways,3de64t
giveaways,3dezj4
giveaways,3dew1g
giveaways,3devfq
giveaways,3deuu1
giveaways,3deurn
giveaways,3deu65
giveaways,3desq4
giveaways,3des80
giveaways,3des1c
giveaways,3derm3
giveaways,3deoi1
giveaways,3demvo
giveaways,3delot
giveaways,3dedax
giveaways,3ddhmw
giveaways,3de538
giveaways,3de2i2
giveaways,3ddweh
giveaways,3ddumx
giveaways,3ddqky
giveaways,3ddp8p
giveaways,3dd1lv
giveaways,3ddhgm
giveaways,3dddrb
giveaways,3dc3h7
giveaways,3dcunz
giveaways,3dbxd7
giveaways,3dbpwc
giveaways,3dczlr
giveaways,3dczcb
giveaways,3dcg74
giveaways,3dbg31
giveaways,3dc4bc
giveaways,3dc34m
giveaways,3dc1eo
giveaways,3dbx8n
giveaways,3dbawu
giveaways,3dadjy
giveaways,3db3hl
giveaways,3dau26
giveaways,3dal3p
giveaways,3dakhx
giveaways,3dajz5
giveaways,3daj67
giveaways,3dah87
giveaways,3d9jd0
giveaways,3dafmt
giveaways,3d90j8
giveaways,3daajt
giveaways,3da9o0
giveaways,3da70e
giveaways,3da19i
giveaways,3d9ts0
giveaways,3d9q26
giveaways,3d9kvx
giveaways,3d9ik2
giveaways,3d9hdw
giveaways,3d9f72
giveaways,3d98e3
giveaways,3d95py
giveaways,3d92jy
giveaways,3d8w53
giveaways,3d8vjz
giveaways,3d8tgi
giveaways,3d8q02
giveaways,3d8hev
giveaways,3d6vw0
giveaways,3d8d7r
giveaways,3d7e2i
giveaways,3d7ncz
giveaways,3d7n5h
giveaways,3d7jfi
giveaways,3d7dth
giveaways,3d7dr4
giveaways,3d6g1t
giveaways,3d6bad
giveaways,3d74iw
giveaways,3d5igy
giveaways,3d5x3w
giveaways,3d6pf9
giveaways,3d5sx5
giveaways,3d6ngt
giveaways,3d6n51
giveaways,3d6m9e
giveaways,3d5p6x
giveaways,3d53x4
giveaways,3d6hbh
giveaways,3d5k5e
giveaways,3d6a8s
giveaways,3d53yv
giveaways,3d4zar
giveaways,3d5mh1
giveaways,3d5i8q
giveaways,3d4iqg
giveaways,3d58x1
giveaways,3d4ftl
giveaways,3d489j
giveaways,3d45ze
giveaways,3d2eft
giveaways,3d44gr
giveaways,3d42a5
giveaways,3d3amb
giveaways,3d3y1s
giveaways,3d3f4s
giveaways,3d37w5
giveaways,3d32wh
giveaways,3d32l9
giveaways,3d2cnd
giveaways,3d3281
giveaways,3d2waj
giveaways,3d2q6t
giveaways,3d1lt0
giveaways,3d2d0e
giveaways,3d2as4
giveaways,3d2ah5
giveaways,3d1fet
giveaways,3d24p7
giveaways,3d1alt
giveaways,3d1zwd
giveaways,3d1u75
giveaways,3d1fnn
giveaways,3d1drt
giveaways,3d16hb
giveaways,3d159e
giveaways,3d0of5
giveaways,3d06mm
giveaways,3d0nf5
giveaways,3d0ewx
giveaways,3d1fge
giveaways,3d0bap
giveaways,3d0ad6
giveaways,3d0a1m
giveaways,3d08i9
giveaways,3d08fm
giveaways,3d08cx
giveaways,3d082w
giveaways,3d07ir
giveaways,3d07i7
giveaways,3d0752
giveaways,3czfyq
giveaways,3cyxes
giveaways,3czpk7
giveaways,3czmwh
giveaways,3czmex
giveaways,3czljv
giveaways,3czhv4
giveaways,3czfq3
giveaways,3czd3h
giveaways,3cz5uj
giveaways,3cyhh4
giveaways,3cz2w2
giveaways,3cyyjp
giveaways,3cyxok
giveaways,3cyr4v
giveaways,3cydea
giveaways,3cyci6
giveaways,3cy9v1
giveaways,3cy6lb
giveaways,3cy6bn
giveaways,3cy4sp
giveaways,3cxzdg
giveaways,3cxy71
giveaways,3cxy42
giveaways,3cx6bq
giveaways,3cxr45
giveaways,3cxeof
giveaways,3cxd13
giveaways,3cy06f
giveaways,3cx8l5
giveaways,3cx7p4
giveaways,3cx6lg
giveaways,3cx0i8
giveaways,3cwy1z
giveaways,3cwvac
giveaways,3cwpii
giveaways,3cwnmq
giveaways,3cwlkr
giveaways,3cwhw7
giveaways,3cvr89
giveaways,3cvqy6
giveaways,3cvqet
giveaways,3cv6ns
giveaways,3cvs3e
giveaways,3cvqpu
giveaways,3cvokn
giveaways,3cuwfd
giveaways,3cuw0r
giveaways,3cuawt
giveaways,3cvcwg
giveaways,3cvby2
giveaways,3cu0w3
giveaways,3ctysj
giveaways,3cv0hj
giveaways,3cuvmn
giveaways,3cu01t
giveaways,3csuki
giveaways,3csu3r
giveaways,3csn6q
giveaways,3ct7g4
giveaways,3ct1fn
giveaways,3ct00n
giveaways,3csux3
giveaways,3cst6g
giveaways,3csklu
giveaways,3csj5g
giveaways,3crf31
giveaways,3crddj
giveaways,3cs2kb
giveaways,3crql1
giveaways,3crdol
giveaways,3cr8yx
giveaways,3cr8a2
giveaways,3cr42k
giveaways,3cqs6m
giveaways,3cpzcn
giveaways,3cqr1b
giveaways,3cqqsx
giveaways,3cqk11
giveaways,3cq3j7
giveaways,3cq1dy
giveaways,3cp3hg
giveaways,3cpuvp
giveaways,3cptdy
giveaways,3cpt8m
giveaways,3cprvn
giveaways,3cppax
giveaways,3cpoqt
giveaways,3cpoe3
giveaways,3cpo0o
giveaways,3cpn3e
giveaways,3cpn0f
giveaways,3cpmcz
giveaways,3cpl8c
giveaways,3cphfv
giveaways,3cpabg
giveaways,3cp8hp
giveaways,3cp3bs
giveaways,3co8l0
giveaways,3cozkz
giveaways,3covyw
giveaways,3cnpeo
giveaways,3comyb
giveaways,3coahn
giveaways,3coa91
giveaways,3co6e1
giveaways,3co6bi
giveaways,3cnbuz
giveaways,3cnjmu
giveaways,3cnw9s
giveaways,3cocus
giveaways,3cnsk2
giveaways,3cns9f
giveaways,3cns2g
giveaways,3cnp3q
giveaways,3cmb1z
giveaways,3cm40q
giveaways,3cm3xz
giveaways,3cmv2s
giveaways,3cmsqo
giveaways,3cmfvo
giveaways,3clm6n
giveaways,3cl7aw
giveaways,3cl5jx
giveaways,3cki1q
giveaways,3ckhuq
giveaways,3clvh1
giveaways,3cmmhv
giveaways,3cltdt
giveaways,3clizt
giveaways,3clhp4
giveaways,3clg50
giveaways,3clf0z
giveaways,3cle2d
giveaways,3clc20
giveaways,3ck9kv
giveaways,3ck712
giveaways,3cl33e
giveaways,3ck65p
giveaways,3cl1kl
giveaways,3ckth0
giveaways,3ckr6t
giveaways,3cjvqh
giveaways,3cko5q
giveaways,3ckltz
giveaways,3ckldt
giveaways,3cjq11
giveaways,3cjpva
giveaways,3cjkjz
giveaways,3cjeud
giveaways,3cjbhu
giveaways,3cjb38
giveaways,3cj8yf
giveaways,3ci9gh
giveaways,3chogs
giveaways,3chkub
giveaways,3ch7ts
giveaways,3chrgg
giveaways,3cho86
giveaways,3chm2q
giveaways,3chlaf
giveaways,3chi37
giveaways,3chfgw
giveaways,3chage
giveaways,3cga8p
giveaways,3ch5f3
giveaways,3ch046
giveaways,3cgvyf
giveaways,3cgv5b
giveaways,3cguqb
giveaways,3cgulf
giveaways,3cgu7n
giveaways,3cgtw9
giveaways,3cgt88
giveaways,3cfdxj
giveaways,3cgjls
giveaways,3cgi63
giveaways,3cggph
giveaways,3cgewf
giveaways,3cgem9
giveaways,3cgdqa
giveaways,3cgdg8
giveaways,3cgcvh
giveaways,3cgbxv
giveaways,3cgbec
giveaways,3cgafk
giveaways,3cfcn6
giveaways,3cfbyu
giveaways,3cg6i0
giveaways,3cfawt
giveaways,3cg2oz
giveaways,3cf4yd
giveaways,3cfupg
giveaways,3cepon
giveaways,3cf4u8
giveaways,3cebho
giveaways,3cel3y
giveaways,3cdzp6
giveaways,3cdxqy
giveaways,3ce7yy
giveaways,3cd36q
giveaways,3cder7
giveaways,3ccr3w
giveaways,3ccqbh
giveaways,3ccl54
giveaways,3ccgpa
giveaways,3ccc61
giveaways,3cd4xj
giveaways,3cbqwv
giveaways,3cd1k0
giveaways,3ccy0w
giveaways,3ccfmg
giveaways,3cceub
giveaways,3ccdek
giveaways,3cccai
giveaways,3can6d
giveaways,3cc6cl
giveaways,3cc5kl
giveaways,3cc42x
giveaways,3cbrbt
giveaways,3cb821
giveaways,3cb46z
giveaways,3cb35e
giveaways,3cb1m0
giveaways,3carad
giveaways,3calu0
giveaways,3cadbb
giveaways,3cad3g
giveaways,3cacg0
giveaways,3c9wr1
giveaways,3ca9ny
giveaways,3ca8ye
giveaways,3c9rgl
giveaways,3c93d2
giveaways,3c8n4n
giveaways,3c8ae9
giveaways,3c9mga
giveaways,3c9fkh
giveaways,3c9dtb
giveaways,3c9d19
giveaways,3c9c0b
giveaways,3c8mi4
giveaways,3c8m2b
giveaways,3c8l01
giveaways,3c8k8x
giveaways,3c98b2
giveaways,3c8gh6
giveaways,3c8gfs
giveaways,3c94kw
giveaways,3c93v2
giveaways,3c8ey0
giveaways,3c8e6a
giveaways,3c877h
giveaways,3c86k6
giveaways,3c8myc
giveaways,3c8mr9
giveaways,3c8l5f
giveaways,3c8kkn
giveaways,3c8g2u
giveaways,3c7nbq
giveaways,3c7mr5
giveaways,3c88zj
giveaways,3c7jeq
giveaways,3c7b1h
giveaways,3c79av
giveaways,3c74qh
giveaways,3c7r4d
giveaways,3c74d8
giveaways,3c710n
giveaways,3c6prj
giveaways,3c6ek6
giveaways,3c6a42
giveaways,3c6qxd
giveaways,3c6ix3
giveaways,3c6ium
giveaways,3c61j4
giveaways,3c6f6p
giveaways,3c6e83
giveaways,3c68m8
giveaways,3c63dl
giveaways,3c62s0
giveaways,3c60np
giveaways,3c6063
giveaways,3c5zrd
giveaways,3c5z6z
giveaways,3c5yu2
giveaways,3c5ftr
giveaways,3c4hv4
giveaways,3c5hnm
giveaways,3c5e68
giveaways,3c4d6q
giveaways,3c515y
giveaways,3c4xo9
giveaways,3c4ub3
giveaways,3c4rcj
giveaways,3c3o3r
giveaways,3c4foz
giveaways,3c4for
giveaways,3c3o5t
giveaways,3c2znt
giveaways,3c2pv9
giveaways,3c29b1
giveaways,3c26hf
giveaways,3c10g7
giveaways,3c1ck4
giveaways,3c1ai6
giveaways,3c16pq
giveaways,3c13sy
giveaways,3c12ob
giveaways,3c11r7
giveaways,3bzlmk
giveaways,3bziju
giveaways,3bzd1w
giveaways,3c0evp
giveaways,3c06o9
giveaways,3c057y
giveaways,3bydwx
giveaways,3c03tl
giveaways,3c02ac
giveaways,3bzxlx
giveaways,3bzhtd
giveaways,3bymjh
giveaways,3bylt8
giveaways,3bxojb
giveaways,3bwuhb
giveaways,3byaul
giveaways,3bxt6x
giveaways,3bxffx
giveaways,3bwk79
giveaways,3bx0rm
giveaways,3bx07i
giveaways,3bwini
giveaways,3bwgc2
giveaways,3bwend
giveaways,3bwd3x
giveaways,3bwbzm
giveaways,3bwams
giveaways,3bw9ng
giveaways,3bw6wc
giveaways,3bw624
giveaways,3bw39z
giveaways,3bw1h9
giveaways,3bwtma
giveaways,3bvs93
giveaways,3bv1ny
giveaways,3bvoy2
giveaways,3bvl7r
giveaways,3bvc7o
giveaways,3bvbqc
giveaways,3bvbi4
giveaways,3bv593
giveaways,3bryck
giveaways,3budhu
giveaways,3btr2n
giveaways,3bu6bg
giveaways,3bu3bi
giveaways,3btxv9
giveaways,3btun1
giveaways,3btu9r
giveaways,3btu2q
giveaways,3btses
giveaways,3btr2a
giveaways,3btf10
giveaways,3bte49
giveaways,3btccm
giveaways,3bta48
giveaways,3bt8qc
giveaways,3bt2uv
giveaways,3bt1qz
giveaways,3bt116
giveaways,3bsynz
giveaways,3bsqbx
giveaways,3bsou2
giveaways,3bsmrz
giveaways,3bsg7g
giveaways,3bsg6l
giveaways,3bsg5z
giveaways,3bsfgu
giveaways,3breue
giveaways,3bs044
giveaways,3brrjm
giveaways,3brpo3
giveaways,3bqtkj
giveaways,3bq2qy
giveaways,3bqi6k
giveaways,3boxot
giveaways,3bqca2
giveaways,3bq18f
giveaways,3bptl4
giveaways,3bpspj
giveaways,3bpoy0
giveaways,3bpdjj
giveaways,3bp8vx
giveaways,3bp66q
giveaways,3bnidg
giveaways,3bovfa
giveaways,3borkp
giveaways,3bolxr
giveaways,3bojic
giveaways,3boi8q
giveaways,3bnldd
giveaways,3bngud
giveaways,3bmvwz
giveaways,3bo8h6
giveaways,3bo6ei
giveaways,3bo6bs
giveaways,3bo3yz
giveaways,3bn6zt
giveaways,3bnzfd
giveaways,3bnytb
giveaways,3bny1d
giveaways,3bnx5g
giveaways,3bmtn8
giveaways,3bnfst
giveaways,3bn9nw
giveaways,3bmxgu
giveaways,3blhr2
giveaways,3bm6k0
giveaways,3bm3z7
giveaways,3bm377
giveaways,3blwyn
giveaways,3bkx8w
giveaways,3bkx71
giveaways,3blgxk
giveaways,3blfi5
giveaways,3bk8v1
giveaways,3bkmau
giveaways,3blcpl
giveaways,3bkm53
giveaways,3bl7iy
giveaways,3bl5r8
giveaways,3bkca6
giveaways,3bl1mo
giveaways,3bk4pl
giveaways,3bkpjr
giveaways,3bkp1p
giveaways,3bj9p9
giveaways,3bijuk
giveaways,3bj3w0
giveaways,3bjrot
giveaways,3bj99b
giveaways,3bifjy
giveaways,3bj7rv
giveaways,3bj1xc
giveaways,3bivw9
giveaways,3binlo
giveaways,3bimkj
giveaways,3bikrn
giveaways,3bik71
giveaways,3bik6r
giveaways,3bii08
giveaways,3bho3y
giveaways,3bhvob
giveaways,3bif29
giveaways,3bi4e0
giveaways,3bhjfi
giveaways,3bhvvv
giveaways,3bhfck
giveaways,3bhunz
giveaways,3bhtq1
giveaways,3bhthr
giveaways,3bhq82
giveaways,3bhob1
giveaways,3bho5w
giveaways,3bhld8
giveaways,3bhlab
giveaways,3bhj7b
giveaways,3bgo30
giveaways,3bh0k6
giveaways,3bftbt
giveaways,3bfzn3
giveaways,3bf3ni
giveaways,3bfqgf
giveaways,3beyhj
giveaways,3beyea
giveaways,3bfmno
giveaways,3bfko7
giveaways,3bfi1d
giveaways,3beoqf
giveaways,3bem3c
giveaways,3beaob
giveaways,3bf8fb
giveaways,3bf4ah
giveaways,3bee5a
giveaways,3be571
giveaways,3beyvz
giveaways,3becwk
giveaways,3beybk
giveaways,3bew8r
giveaways,3bew1l
giveaways,3bdow0
giveaways,3bdwqs
giveaways,3bdnmj
giveaways,3bdvgp
giveaways,3bd69b
giveaways,3bbuk6
giveaways,3bdjln
giveaways,3bcxw1
giveaways,3bcfkx
giveaways,3bd92s
giveaways,3bczo3
