kayakfishing,3e5e4e
kayakfishing,3e2il3
kayakfishing,3e3tw9
kayakfishing,3e2j8c
kayakfishing,3e3lk5
kayakfishing,3e38q6
kayakfishing,3dzkwm
kayakfishing,3dz86p
kayakfishing,3dypc3
kayakfishing,3dzgo3
kayakfishing,3dwfmt
kayakfishing,3dvkii
kayakfishing,3dvxk0
kayakfishing,3dt2pv
kayakfishing,3ds2ms
kayakfishing,3du4du
kayakfishing,3dsjil
kayakfishing,3dsogr
kayakfishing,3dqaiu
kayakfishing,3dqhw1
kayakfishing,3dqg21
kayakfishing,3dpaog
kayakfishing,3dqp0u
kayakfishing,3dp74s
kayakfishing,3dp8w2
kayakfishing,3dmdeh
kayakfishing,3dk7m3
kayakfishing,3diha7
kayakfishing,3di937
kayakfishing,3djfql
kayakfishing,3dga66
kayakfishing,3dfsqo
kayakfishing,3dgha4
kayakfishing,3dggc0
kayakfishing,3df3ub
kayakfishing,3di802
kayakfishing,3dd0qc
kayakfishing,3df2hn
kayakfishing,3dej0w
kayakfishing,3defx0
kayakfishing,3ddaze
kayakfishing,3dbp6a
kayakfishing,3dcg46
kayakfishing,3dcg51
kayakfishing,3dc5p8
kayakfishing,3dcfru
kayakfishing,3d9feh
kayakfishing,3dc8pn
kayakfishing,3dblr9
kayakfishing,3dbpe9
kayakfishing,3dam8v
kayakfishing,3dac3x
kayakfishing,3dc1fj
kayakfishing,3d782s
kayakfishing,3d7883
kayakfishing,3d6ef0
kayakfishing,3d7zam
kayakfishing,3d5ibr
kayakfishing,3d4clq
kayakfishing,3d5pnx
kayakfishing,3d61sz
kayakfishing,3d54mt
kayakfishing,3d3797
kayakfishing,3d3y4c
kayakfishing,3d3a3x
kayakfishing,3d2lae
kayakfishing,3d1c2g
kayakfishing,3d1ujw
kayakfishing,3d06tk
kayakfishing,3d1uk6
kayakfishing,3d04zl
kayakfishing,3d14g6
kayakfishing,3cyzni
kayakfishing,3cxkrs
kayakfishing,3cvdy2
kayakfishing,3ctfck
kayakfishing,3ctr1i
kayakfishing,3ct7py
kayakfishing,3cr1zl
kayakfishing,3cr7vo
kayakfishing,3conj1
kayakfishing,3cpana
kayakfishing,3cof3a
kayakfishing,3cp6dt
kayakfishing,3cmzel
kayakfishing,3cndhi
kayakfishing,3clw90
kayakfishing,3cm35m
kayakfishing,3ci1ph
kayakfishing,3ci6pb
kayakfishing,3cfz8w
kayakfishing,3chyba
kayakfishing,3chy3n
kayakfishing,3cest6
kayakfishing,3cgtg0
kayakfishing,3cfpbs
kayakfishing,3ci11e
kayakfishing,3cd192
kayakfishing,3cdtrr
kayakfishing,3cdtjh
kayakfishing,3cdgtk
kayakfishing,3cbzvn
kayakfishing,3cb7wj
kayakfishing,3cbdpk
kayakfishing,3camja
kayakfishing,3cbqtm
kayakfishing,3cbou4
kayakfishing,3c9qu8
kayakfishing,3ca0wr
kayakfishing,3c897c
kayakfishing,3c91z9
kayakfishing,3c83ar
kayakfishing,3c64u1
kayakfishing,3c4svw
kayakfishing,3c5j8y
kayakfishing,3c2hkn
kayakfishing,3c2h2a
kayakfishing,3c14oo
kayakfishing,3c2f8v
kayakfishing,3bzjkh
kayakfishing,3bza3o
kayakfishing,3c2xat
kayakfishing,3c0m26
kayakfishing,3bzrr3
kayakfishing,3bzny0
kayakfishing,3bwc69
kayakfishing,3by47f
kayakfishing,3bwsqc
kayakfishing,3bu7mz
kayakfishing,3bu97f
kayakfishing,3bshp4
kayakfishing,3bu1ld
kayakfishing,3br5py
kayakfishing,3bq2ah
kayakfishing,3bp4cx
kayakfishing,3bpkkm
kayakfishing,3bn4kj
kayakfishing,3bnwbo
kayakfishing,3blaoe
kayakfishing,3blqo9
kayakfishing,3bjuu0
kayakfishing,3bieib
kayakfishing,3bjtpc
kayakfishing,3bh8zi
kayakfishing,3bilnb
kayakfishing,3bf0lw
kayakfishing,3bgv1q
kayakfishing,3bgh9k
kayakfishing,3bekin
kayakfishing,3bg1kh
kayakfishing,3bfaxn
kayakfishing,3bcyrf
kayakfishing,3bdz61
kayakfishing,3beibh
kayakfishing,3bbxpi
kayakfishing,3bdkge
kayakfishing,3bcdxh
kayakfishing,3bc3vp
kayakfishing,3b9yj6
kayakfishing,3b9fcn
kayakfishing,3b80th
kayakfishing,3b9i6f
kayakfishing,3b6joo
kayakfishing,3b7fxj
kayakfishing,3b61em
kayakfishing,3b5fuf
kayakfishing,3b3074
kayakfishing,3b5bhq
kayakfishing,3b3p94
kayakfishing,3b4ub4
kayakfishing,3b32bm
kayakfishing,3azjnx
kayakfishing,3b0qi9
kayakfishing,3b0k24
kayakfishing,3awf13
kayakfishing,3ax55c
kayakfishing,3awsgr
kayakfishing,3aufo0
kayakfishing,3atyih
kayakfishing,3av7eh
kayakfishing,3as2n6
kayakfishing,3ascd9
kayakfishing,3aqigq
kayakfishing,3apb9t
kayakfishing,3aq57b
kayakfishing,3aqdsr
kayakfishing,3aqxpd
kayakfishing,3anltk
kayakfishing,3ao3g9
kayakfishing,3ani8v
kayakfishing,3amw5j
kayakfishing,3ak77d
kayakfishing,3akeb4
kayakfishing,3ah4ls
kayakfishing,3afik1
kayakfishing,3agmqy
kayakfishing,3agoq5
kayakfishing,3adrd0
kayakfishing,3aef7r
kayakfishing,3ack5o
kayakfishing,3aamfl
kayakfishing,3aad8a
kayakfishing,3ablxz
kayakfishing,3a8s5f
kayakfishing,3a6z88
kayakfishing,3a7blw
kayakfishing,3a645x
kayakfishing,3a6rx3
kayakfishing,3a3jcx
kayakfishing,3a5lc6
kayakfishing,3a4bq1
kayakfishing,3a1gya
kayakfishing,3a2g9u
kayakfishing,39zegi
kayakfishing,3a0y40
kayakfishing,39z8oc
kayakfishing,3a06kf
kayakfishing,39y577
kayakfishing,39zfzm
kayakfishing,39xuh4
kayakfishing,39zodu
kayakfishing,39yldg
kayakfishing,39x8sg
kayakfishing,39y1ve
kayakfishing,39vtvi
kayakfishing,39yarv
kayakfishing,39v097
kayakfishing,39ureh
kayakfishing,39vpjx
kayakfishing,39uyhn
kayakfishing,39u4w9
kayakfishing,39sguk
kayakfishing,39t0g2
kayakfishing,39tqim
kayakfishing,39rt5q
kayakfishing,39r5za
kayakfishing,39ri4k
kayakfishing,39p0r3
kayakfishing,39qpjm
kayakfishing,39r89v
kayakfishing,39nuwa
kayakfishing,39ntda
kayakfishing,39lwih
kayakfishing,39jc3c
kayakfishing,39j2jm
kayakfishing,39fq6x
kayakfishing,39aklr
kayakfishing,39bdng
kayakfishing,397ism
kayakfishing,3988qv
kayakfishing,398x6k
kayakfishing,395ybb
kayakfishing,3947w1
kayakfishing,3930rb
kayakfishing,391huo
kayakfishing,394p39
kayakfishing,390hip
kayakfishing,393urd
kayakfishing,392oyx
kayakfishing,391zi5
kayakfishing,392i7e
kayakfishing,390uls
kayakfishing,38zv5f
kayakfishing,391h1w
kayakfishing,391ih8
kayakfishing,38yph2
kayakfishing,38xvjx
kayakfishing,38z1o1
kayakfishing,390inl
kayakfishing,38ymkl
kayakfishing,38z4cr
kayakfishing,38wynd
kayakfishing,38ym3x
kayakfishing,38xynw
kayakfishing,38ye65
kayakfishing,38sc1g
kayakfishing,38tm2o
kayakfishing,38ska1
kayakfishing,38sz9l
kayakfishing,38ssq7
kayakfishing,38qb61
kayakfishing,38qnaq
kayakfishing,38rbek
kayakfishing,38ozje
kayakfishing,38m622
kayakfishing,38jm62
kayakfishing,38esk0
kayakfishing,38drqa
kayakfishing,38ggqg
kayakfishing,38ag6w
kayakfishing,38c45k
kayakfishing,386shb
kayakfishing,386zzf
kayakfishing,383jmz
kayakfishing,385zv0
kayakfishing,3858il
kayakfishing,383myg
kayakfishing,38436r
kayakfishing,381o5i
kayakfishing,380w31
kayakfishing,380kj8
kayakfishing,37ye7p
kayakfishing,380fuh
kayakfishing,37x1f3
kayakfishing,37uq88
kayakfishing,37uo2q
kayakfishing,37s6cm
kayakfishing,37s93s
kayakfishing,37ro5o
kayakfishing,37pn1j
kayakfishing,37s1tw
kayakfishing,37o19c
kayakfishing,37n323
kayakfishing,37n9jc
kayakfishing,37l7lk
kayakfishing,37l9ev
kayakfishing,37lao4
kayakfishing,37i8zd
kayakfishing,37hx04
kayakfishing,37hgxf
kayakfishing,37i9e0
kayakfishing,37g4lb
kayakfishing,37g41q
kayakfishing,37eyas
kayakfishing,37e338
kayakfishing,37ey89
kayakfishing,37btrd
kayakfishing,37cc3n
kayakfishing,37cvm0
kayakfishing,37c4zw
kayakfishing,37doiw
kayakfishing,37ddt6
kayakfishing,37dlyl
kayakfishing,37ca1g
kayakfishing,3796nz
kayakfishing,377dln
kayakfishing,375f50
kayakfishing,37415o
kayakfishing,374c0v
kayakfishing,3744z3
kayakfishing,3710zw
kayakfishing,3720gl
kayakfishing,3717q7
kayakfishing,370sef
kayakfishing,370ubx
kayakfishing,36zc1f
kayakfishing,36zwv4
kayakfishing,36xiln
kayakfishing,36xg7y
kayakfishing,36y81k
kayakfishing,36y0nx
kayakfishing,36xd0q
kayakfishing,36xs6o
kayakfishing,36xdvf
kayakfishing,36u1eg
kayakfishing,36teq7
kayakfishing,36sm6o
kayakfishing,36sh5l
kayakfishing,36sr3r
kayakfishing,36rzp8
kayakfishing,36s44e
kayakfishing,36pil1
kayakfishing,36paoc
kayakfishing,36kkh7
kayakfishing,36ikug
kayakfishing,36kq52
kayakfishing,36gr6t
kayakfishing,36fros
kayakfishing,36gdif
kayakfishing,36eci2
kayakfishing,36fm3m
kayakfishing,36ex9p
kayakfishing,36dj2s
kayakfishing,36afl1
kayakfishing,36bun2
kayakfishing,36b7l6
kayakfishing,369qfr
kayakfishing,36b465
kayakfishing,36a5vz
kayakfishing,3672s0
kayakfishing,3646u0
kayakfishing,363jp4
kayakfishing,360hun
kayakfishing,35zaj3
kayakfishing,35xtqt
kayakfishing,35zp95
kayakfishing,35waex
kayakfishing,35wcyi
kayakfishing,35u6dg
kayakfishing,35r6kz
kayakfishing,35r3xe
kayakfishing,35pfid
kayakfishing,35pwuz
kayakfishing,35q06t
kayakfishing,35o0y5
kayakfishing,35mxt6
kayakfishing,35nrsx
kayakfishing,35lzaj
kayakfishing,35o5x1
kayakfishing,35lv5j
kayakfishing,35jbln
kayakfishing,35k2rl
kayakfishing,35jr1b
kayakfishing,35ijqu
kayakfishing,35i2w3
kayakfishing,35gh4y
kayakfishing,35ga8e
kayakfishing,35glm0
kayakfishing,35eu6i
kayakfishing,356kfg
kayakfishing,354jdp
kayakfishing,352hu5
kayakfishing,351p79
kayakfishing,350lxg
kayakfishing,34zpuo
kayakfishing,34ysdh
kayakfishing,34zjnw
kayakfishing,34xonu
kayakfishing,34vqkk
kayakfishing,34trx4
kayakfishing,34tyr7
kayakfishing,34wuxn
kayakfishing,34uqe6
kayakfishing,34tooz
kayakfishing,34rp0x
kayakfishing,34s36h
kayakfishing,34r94f
kayakfishing,34rd0k
kayakfishing,34q7ws
kayakfishing,34okss
kayakfishing,34oaqy
kayakfishing,34o8wk
kayakfishing,34oair
kayakfishing,34lfk3
kayakfishing,34jova
kayakfishing,34h52p
kayakfishing,34ghej
kayakfishing,34erf8
kayakfishing,34gh1l
kayakfishing,34gi9j
kayakfishing,34gcil
kayakfishing,34g1ls
kayakfishing,34e3ye
kayakfishing,34c0mu
kayakfishing,34a9yg
kayakfishing,349s0c
kayakfishing,348nel
kayakfishing,346naq
kayakfishing,345eng
kayakfishing,345uea
kayakfishing,342kxs
kayakfishing,342c24
kayakfishing,3412bv
kayakfishing,342il1
kayakfishing,341hrd
kayakfishing,33z973
kayakfishing,33y27x
kayakfishing,33yqyp
kayakfishing,33wa5c
kayakfishing,33w5sx
kayakfishing,33t3zn
kayakfishing,33sn32
kayakfishing,33sf4r
kayakfishing,33s3lq
kayakfishing,33pxqp
kayakfishing,33mdki
kayakfishing,33mnm5
kayakfishing,33l2pg
kayakfishing,33lreb
kayakfishing,33iaw0
kayakfishing,33jc1l
kayakfishing,33j3hu
kayakfishing,33j2dt
kayakfishing,33fg5s
kayakfishing,33fkdk
kayakfishing,33evj0
kayakfishing,33enq2
kayakfishing,33bhoa
kayakfishing,33accj
kayakfishing,33biv3
kayakfishing,338c9r
kayakfishing,336x1a
kayakfishing,335s9i
kayakfishing,336esv
kayakfishing,3364m1
kayakfishing,332o88
kayakfishing,333jeh
kayakfishing,333epk
kayakfishing,330sjc
kayakfishing,3309ke
kayakfishing,330x7m
kayakfishing,32wekr
kayakfishing,32ve1n
kayakfishing,32w6iz
kayakfishing,32tjnn
kayakfishing,32taxb
kayakfishing,32pd6o
kayakfishing,32r9u1
kayakfishing,32qwl7
kayakfishing,32opcw
kayakfishing,32pnlj
kayakfishing,32ovh5
kayakfishing,32mj8l
kayakfishing,32lrjy
kayakfishing,32kb1b
kayakfishing,32i61d
kayakfishing,32hkqm
kayakfishing,32gmkr
kayakfishing,32eaqk
kayakfishing,32cz3h
kayakfishing,32bvq8
kayakfishing,32c7oc
kayakfishing,32ck0z
kayakfishing,329twy
kayakfishing,32a9n0
kayakfishing,3296ns
kayakfishing,328qgx
kayakfishing,3263b4
kayakfishing,326l2b
kayakfishing,325x20
kayakfishing,323zw4
kayakfishing,323xc0
kayakfishing,324gc6
kayakfishing,324617
kayakfishing,3228ev
kayakfishing,320gcy
kayakfishing,320xpg
kayakfishing,31zmmt
kayakfishing,3202kz
kayakfishing,31zq5r
kayakfishing,31xykm
kayakfishing,31yqm1
kayakfishing,31vosz
kayakfishing,31shn4
kayakfishing,31tdiz
kayakfishing,31s4y6
kayakfishing,31simp
kayakfishing,31rraw
kayakfishing,31pm7b
kayakfishing,31pfef
kayakfishing,31ox0e
kayakfishing,31peze
kayakfishing,31p4og
kayakfishing,31pc9x
kayakfishing,31ozyg
kayakfishing,31nesh
kayakfishing,31lful
kayakfishing,31nal1
kayakfishing,31nihz
kayakfishing,31mknc
kayakfishing,31nlw8
kayakfishing,31jq24
kayakfishing,31icdu
kayakfishing,31jh2d
kayakfishing,31h7bi
kayakfishing,31hn54
kayakfishing,31f5bi
kayakfishing,31fktl
kayakfishing,31drj1
kayakfishing,31exar
kayakfishing,31b75q
kayakfishing,318q80
kayakfishing,317tk8
kayakfishing,317eqb
kayakfishing,31809u
kayakfishing,314a5s
kayakfishing,315hsh
kayakfishing,3144sc
kayakfishing,3135t5
kayakfishing,3124og
kayakfishing,310xs7
kayakfishing,30zu1f
kayakfishing,30xpk0
kayakfishing,30xpe1
kayakfishing,30ya97
kayakfishing,30vknc
kayakfishing,30ukhv
kayakfishing,30umj4
kayakfishing,30ufbj
kayakfishing,30te1p
kayakfishing,30u6as
kayakfishing,30u5lj
kayakfishing,30ufok
kayakfishing,30qer7
kayakfishing,30q90l
kayakfishing,30qclz
kayakfishing,30p95e
kayakfishing,30mtcl
kayakfishing,30nlvc
kayakfishing,30n7jm
kayakfishing,30kvuk
kayakfishing,30knzv
kayakfishing,30kw51
kayakfishing,30ix74
kayakfishing,30k4eq
kayakfishing,30k3w9
kayakfishing,30gdb8
kayakfishing,30gh0j
kayakfishing,30dtzx
kayakfishing,30ewzo
kayakfishing,30e7t1
kayakfishing,30e040
kayakfishing,30er25
kayakfishing,30dr80
kayakfishing,30b13h
kayakfishing,30bklf
kayakfishing,30a514
kayakfishing,30b4d8
kayakfishing,30a6ka
kayakfishing,3091m7
kayakfishing,307s41
kayakfishing,303wn2
kayakfishing,304lha
kayakfishing,3052lx
kayakfishing,301u61
kayakfishing,302fi9
kayakfishing,302y30
kayakfishing,300dlx
kayakfishing,300bif
kayakfishing,3032gy
kayakfishing,300lcs
kayakfishing,302icr
kayakfishing,2zykrm
kayakfishing,2zv0hw
kayakfishing,2zuo5q
kayakfishing,2zuaf6
kayakfishing,2zu7sj
kayakfishing,2zstun
kayakfishing,2zthj5
kayakfishing,2zsef0
kayakfishing,2zqic8
kayakfishing,2zp7c0
kayakfishing,2zkpsq
kayakfishing,2zlmlr
kayakfishing,2zk1at
kayakfishing,2zjfa5
kayakfishing,2zjxhz
kayakfishing,2zfj0t
kayakfishing,2zcu7b
kayakfishing,2zddnb
kayakfishing,2zdqu7
kayakfishing,2zcwfj
kayakfishing,2zbinw
kayakfishing,2z8p8t
kayakfishing,2z9r51
kayakfishing,2z98ca
kayakfishing,2z84ny
kayakfishing,2z52kc
kayakfishing,2z5nxg
kayakfishing,2z3nc3
kayakfishing,2z3j16
kayakfishing,2z2c3d
kayakfishing,2z32e5
kayakfishing,2z1rg4
kayakfishing,2z2ybx
kayakfishing,2z168w
kayakfishing,2z1zgi
kayakfishing,2yz8ud
kayakfishing,2yuuq3
kayakfishing,2ytadv
kayakfishing,2yqy24
kayakfishing,2yqf58
kayakfishing,2yncbk
kayakfishing,2yp82b
kayakfishing,2ypv29
kayakfishing,2yo1m7
kayakfishing,2ymcm4
kayakfishing,2yl0ri
kayakfishing,2yky66
kayakfishing,2yily8
kayakfishing,2ygeoj
kayakfishing,2ygyku
kayakfishing,2yed3r
kayakfishing,2yf3o9
kayakfishing,2ycqd7
kayakfishing,2yeg61
kayakfishing,2ybjum
kayakfishing,2y9e6r
kayakfishing,2y9uu2
kayakfishing,2y91c2
kayakfishing,2y75ct
kayakfishing,2y6z3f
kayakfishing,2y5qk9
kayakfishing,2y60vm
kayakfishing,2y3uha
kayakfishing,2y125b
kayakfishing,2xzpak
kayakfishing,2xyjvb
kayakfishing,2xunvt
kayakfishing,2xr4nu
kayakfishing,2xqo1u
kayakfishing,2xosan
kayakfishing,2xoa3n
kayakfishing,2xoiif
kayakfishing,2xo1cw
kayakfishing,2xh0px
kayakfishing,2xgt2w
kayakfishing,2xehlg
kayakfishing,2x9pq4
kayakfishing,2xb0eg
kayakfishing,2xbd41
kayakfishing,2x8tz0
kayakfishing,2x91l6
kayakfishing,2x5hri
kayakfishing,2x4y4a
kayakfishing,2x2r2i
kayakfishing,2wzfno
kayakfishing,2wzocr
kayakfishing,2x0ju2
kayakfishing,2wwhor
kayakfishing,2wxswc
kayakfishing,2ww3g3
kayakfishing,2ws7gk
kayakfishing,2ws0pa
kayakfishing,2wqwyt
kayakfishing,2wotrl
kayakfishing,2wo57a
kayakfishing,2wkpwx
kayakfishing,2wi8tl
kayakfishing,2whrfx
kayakfishing,2wdui5
kayakfishing,2wd9mb
kayakfishing,2wcglo
kayakfishing,2wdk85
kayakfishing,2waamo
kayakfishing,2w9yex
kayakfishing,2w8cdo
kayakfishing,2w7tir
kayakfishing,2w77if
kayakfishing,2w14bb
kayakfishing,2vzt5g
kayakfishing,2vy09y
kayakfishing,2vxplf
kayakfishing,2vxtwb
kayakfishing,2vt1t8
kayakfishing,2vtjjv
kayakfishing,2vp8q0
kayakfishing,2vp7kw
kayakfishing,2vjnlf
kayakfishing,2vidgw
kayakfishing,2vfpi4
kayakfishing,2varve
kayakfishing,2vawkw
kayakfishing,2v9734
kayakfishing,2v4zvh
kayakfishing,2v4zpm
kayakfishing,2v2gfe
kayakfishing,2v27ve
kayakfishing,2uvm8k
kayakfishing,2us34a
kayakfishing,2uo6ah
kayakfishing,2ukuo8
kayakfishing,2uf1rv
kayakfishing,2uftkv
kayakfishing,2uc70x
kayakfishing,2ud86f
kayakfishing,2udsjp
kayakfishing,2u9t7z
kayakfishing,2ua6cg
kayakfishing,2u912n
kayakfishing,2u73rb
kayakfishing,2u795c
kayakfishing,2u6kw9
kayakfishing,2u3jlk
kayakfishing,2u1hb4
kayakfishing,2u15gj
kayakfishing,2tzufb
kayakfishing,2tzgag
kayakfishing,2tyqc5
kayakfishing,2tvu5k
kayakfishing,2tvcyh
kayakfishing,2tutlv
kayakfishing,2tu3sj
kayakfishing,2twnkd
kayakfishing,2tttzn
