KendrickLamar,3e4uvb
KendrickLamar,3e6d1f
KendrickLamar,3e5f0i
KendrickLamar,3e1j13
KendrickLamar,3dufpj
KendrickLamar,3dlpzr
KendrickLamar,3dlp53
KendrickLamar,3dir66
KendrickLamar,3dko61
KendrickLamar,3de8u4
KendrickLamar,3df2s2
KendrickLamar,3dee7p
KendrickLamar,3ddozs
KendrickLamar,3dcjxs
KendrickLamar,3dcyyr
KendrickLamar,3d993g
KendrickLamar,3d3q0x
KendrickLamar,3d6dit
KendrickLamar,3d1axx
KendrickLamar,3cxl9y
KendrickLamar,3cwss3
KendrickLamar,3cvudg
KendrickLamar,3cvs1n
KendrickLamar,3cp3mh
KendrickLamar,3cnr3j
KendrickLamar,3clfjw
KendrickLamar,3ck56i
KendrickLamar,3cfxm0
KendrickLamar,3cdtsw
KendrickLamar,3cfc5n
KendrickLamar,3ca485
KendrickLamar,3c7ap2
KendrickLamar,3c2aan
KendrickLamar,3c1le1
KendrickLamar,3c0jqp
KendrickLamar,3bxcei
KendrickLamar,3by1rz
KendrickLamar,3bx8da
KendrickLamar,3bvgcb
KendrickLamar,3bx6so
KendrickLamar,3bxzjt
KendrickLamar,3btvdr
KendrickLamar,3bstrf
KendrickLamar,3brr6j
KendrickLamar,3btokv
KendrickLamar,3bqjza
KendrickLamar,3bof61
KendrickLamar,3bq893
KendrickLamar,3bofl9
KendrickLamar,3bl6fx
KendrickLamar,3bhjzr
KendrickLamar,3bgp9e
KendrickLamar,3bfk55
KendrickLamar,3bdigj
KendrickLamar,3bc031
KendrickLamar,3b8a0g
KendrickLamar,3b1mqp
KendrickLamar,3azh1x
KendrickLamar,3al97p
KendrickLamar,3ama4r
KendrickLamar,3aisbu
KendrickLamar,3ac37r
KendrickLamar,3a9vvm
KendrickLamar,3a64tj
KendrickLamar,3a86r1
KendrickLamar,3a6hre
KendrickLamar,3a3xea
KendrickLamar,3a1nly
KendrickLamar,3a3780
KendrickLamar,39v03c
KendrickLamar,39s4aw
KendrickLamar,39qr3u
KendrickLamar,39pft6
KendrickLamar,39lepr
KendrickLamar,39mc0a
KendrickLamar,39ir0f
KendrickLamar,396qym
KendrickLamar,392drd
KendrickLamar,393rgc
KendrickLamar,390wux
KendrickLamar,38zlsy
KendrickLamar,38zlui
KendrickLamar,38tuyb
KendrickLamar,38srai
KendrickLamar,38oj0e
KendrickLamar,38nk19
KendrickLamar,38lbda
KendrickLamar,38glpt
KendrickLamar,38f5l8
KendrickLamar,38d2hw
KendrickLamar,384bin
KendrickLamar,380rox
KendrickLamar,384i5w
KendrickLamar,37y0yy
KendrickLamar,37z1oj
KendrickLamar,37xeth
KendrickLamar,37ughr
KendrickLamar,37t5f2
KendrickLamar,37rcy0
KendrickLamar,37t2wx
KendrickLamar,37mz5p
KendrickLamar,37i2e4
KendrickLamar,37jc37
KendrickLamar,37j8pm
KendrickLamar,37ilx2
KendrickLamar,37f9em
KendrickLamar,37gh9o
KendrickLamar,37biep
KendrickLamar,372tdk
KendrickLamar,371q5w
KendrickLamar,36x9fr
KendrickLamar,36y20y
KendrickLamar,36ue2c
KendrickLamar,36w94r
KendrickLamar,36sdtr
KendrickLamar,36q14u
KendrickLamar,36psfb
KendrickLamar,36ng7e
KendrickLamar,36lmoh
KendrickLamar,36fgv9
KendrickLamar,36f9jy
KendrickLamar,36eg0t
KendrickLamar,36bdo5
KendrickLamar,36a9uz
KendrickLamar,36b3o3
KendrickLamar,367fhn
KendrickLamar,362kyr
KendrickLamar,35ye6b
KendrickLamar,35z27n
KendrickLamar,35zkfe
KendrickLamar,35saur
KendrickLamar,35u2ji
KendrickLamar,35nmk6
KendrickLamar,35n8bo
KendrickLamar,35nx9b
KendrickLamar,35nsm7
KendrickLamar,35mk56
KendrickLamar,35iu0u
KendrickLamar,35gtxb
KendrickLamar,35eses
KendrickLamar,35ei3n
KendrickLamar,35eg92
KendrickLamar,35cvx6
KendrickLamar,35ch8p
KendrickLamar,359bgk
KendrickLamar,356yqo
KendrickLamar,357bo2
KendrickLamar,35466l
KendrickLamar,34zfyg
KendrickLamar,34ukc7
KendrickLamar,34ucx0
KendrickLamar,34szuw
KendrickLamar,34su1y
KendrickLamar,34meux
KendrickLamar,34l0a1
KendrickLamar,34dnvo
KendrickLamar,34a3l6
KendrickLamar,34bnmo
KendrickLamar,348jmu
KendrickLamar,34813c
KendrickLamar,349vw1
KendrickLamar,346q2g
KendrickLamar,348hsl
KendrickLamar,34228n
KendrickLamar,33zqfi
KendrickLamar,343aq0
KendrickLamar,33xx1p
KendrickLamar,33yrjm
KendrickLamar,33qoxf
KendrickLamar,33ph1k
KendrickLamar,33o083
KendrickLamar,33k6p6
KendrickLamar,33izsd
KendrickLamar,33e359
KendrickLamar,33ec50
KendrickLamar,33be8n
KendrickLamar,33a2vp
KendrickLamar,338y95
KendrickLamar,336lj1
KendrickLamar,336tq4
KendrickLamar,334qi6
KendrickLamar,3318zy
KendrickLamar,32z2qk
KendrickLamar,32wj12
KendrickLamar,32uim7
KendrickLamar,32rbvx
KendrickLamar,32mha5
KendrickLamar,32jbap
KendrickLamar,32e8ju
KendrickLamar,32deg9
KendrickLamar,32dplm
KendrickLamar,32dxh6
KendrickLamar,32alco
KendrickLamar,32aacd
KendrickLamar,329yl8
KendrickLamar,32822w
KendrickLamar,3272fz
KendrickLamar,3289xs
KendrickLamar,322kku
KendrickLamar,32222n
KendrickLamar,322ryh
KendrickLamar,320uqq
KendrickLamar,321kmy
KendrickLamar,31x25f
KendrickLamar,31uhra
KendrickLamar,31wfyd
KendrickLamar,31wpkh
KendrickLamar,31v7sv
KendrickLamar,31uavf
KendrickLamar,31qs1r
KendrickLamar,31ru3x
KendrickLamar,31scd0
KendrickLamar,31qli5
KendrickLamar,31nol3
KendrickLamar,31o3uv
KendrickLamar,31nx5g
KendrickLamar,31jf2h
KendrickLamar,31ifgg
KendrickLamar,31fie0
KendrickLamar,31cupg
KendrickLamar,3197mh
KendrickLamar,318lhh
KendrickLamar,317r4u
KendrickLamar,314z67
KendrickLamar,3146rt
KendrickLamar,315l5c
KendrickLamar,30ytsl
KendrickLamar,30tao4
KendrickLamar,30rgyh
KendrickLamar,30posn
KendrickLamar,30qbqa
KendrickLamar,30nfw8
KendrickLamar,30hup4
KendrickLamar,30f42f
KendrickLamar,30dvmj
KendrickLamar,30cpar
KendrickLamar,30exsr
KendrickLamar,30e4t5
KendrickLamar,30djgu
KendrickLamar,309tvm
KendrickLamar,30bxyw
KendrickLamar,30b67q
KendrickLamar,30bcsz
KendrickLamar,309y02
KendrickLamar,30aqzi
KendrickLamar,308y2v
KendrickLamar,307bgn
KendrickLamar,307edx
KendrickLamar,3079c6
KendrickLamar,307cjz
KendrickLamar,306kax
KendrickLamar,306x3i
KendrickLamar,306grv
KendrickLamar,305hkv
KendrickLamar,304rsl
KendrickLamar,301mpz
KendrickLamar,3047e8
KendrickLamar,3057i7
KendrickLamar,301q9g
KendrickLamar,302zy2
KendrickLamar,303ja5
KendrickLamar,3024er
KendrickLamar,301kcs
KendrickLamar,2zzkps
KendrickLamar,2zywxf
KendrickLamar,2zymbv
KendrickLamar,2zz7aq
KendrickLamar,2zxxzv
KendrickLamar,2zwm82
KendrickLamar,2zww2o
KendrickLamar,2zy1qm
KendrickLamar,2zxr6u
KendrickLamar,2zyi01
KendrickLamar,2zx5rx
KendrickLamar,2zu4lq
KendrickLamar,2zv3rs
KendrickLamar,2ztkrn
KendrickLamar,2zw1ho
KendrickLamar,2zsgzu
KendrickLamar,2zrvu7
KendrickLamar,2zrghf
KendrickLamar,2zq18s
KendrickLamar,2zq6wz
KendrickLamar,2zqzs9
KendrickLamar,2zpmst
KendrickLamar,2zql26
KendrickLamar,2zp8md
KendrickLamar,2zrmko
KendrickLamar,2zpaxh
KendrickLamar,2zocld
KendrickLamar,2zn819
KendrickLamar,2zrzg0
KendrickLamar,2zn40l
KendrickLamar,2zoaep
KendrickLamar,2zn3mf
KendrickLamar,2zkwz8
KendrickLamar,2zjplz
KendrickLamar,2zldjg
KendrickLamar,2zlndz
KendrickLamar,2zk4y7
KendrickLamar,2zib7w
KendrickLamar,2zgyfa
KendrickLamar,2zixsg
KendrickLamar,2zjbb0
KendrickLamar,2zj0gc
KendrickLamar,2zivp4
KendrickLamar,2zihro
KendrickLamar,2zi0mr
KendrickLamar,2zeiko
KendrickLamar,2zes9f
KendrickLamar,2zfnfi
KendrickLamar,2zej0y
KendrickLamar,2ze286
KendrickLamar,2zev31
KendrickLamar,2zfggl
KendrickLamar,2zcjgq
KendrickLamar,2zd8pq
KendrickLamar,2zd7r9
KendrickLamar,2zcnla
KendrickLamar,2zd0ah
KendrickLamar,2zenuc
KendrickLamar,2zdeh4
KendrickLamar,2z9xsc
KendrickLamar,2zauuf
KendrickLamar,2zah3p
KendrickLamar,2zbv54
KendrickLamar,2zamu2
KendrickLamar,2zbi3r
KendrickLamar,2zbbjj
KendrickLamar,2zaz6b
KendrickLamar,2z9x5r
KendrickLamar,2z8dq5
KendrickLamar,2za19n
KendrickLamar,2zbm5j
KendrickLamar,2z8p1z
KendrickLamar,2z7b20
KendrickLamar,2z8yoo
KendrickLamar,2z8qgu
KendrickLamar,2z79ra
KendrickLamar,2z8ib7
KendrickLamar,2za51m
KendrickLamar,2z95iq
KendrickLamar,2zc8wi
KendrickLamar,2z9occ
KendrickLamar,2z7aia
KendrickLamar,2z9aoa
KendrickLamar,2z75br
KendrickLamar,2z8fna
KendrickLamar,2z83aj
KendrickLamar,2z8382
KendrickLamar,2z7d66
KendrickLamar,2z72rq
KendrickLamar,2z7ehf
KendrickLamar,2z7w5f
KendrickLamar,2z77fl
KendrickLamar,2z79px
KendrickLamar,2z79eb
KendrickLamar,2z6d3n
KendrickLamar,2z8dxo
KendrickLamar,2z6bel
KendrickLamar,2z6jeh
KendrickLamar,2z7h15
KendrickLamar,2z7chd
KendrickLamar,2z5tie
KendrickLamar,2z3u6x
KendrickLamar,2z5bgr
KendrickLamar,2z0sgx
KendrickLamar,2yzp4w
KendrickLamar,2yye5e
KendrickLamar,2yxck5
KendrickLamar,2ytjil
KendrickLamar,2yuya5
KendrickLamar,2yu7bl
KendrickLamar,2ypxac
KendrickLamar,2ypa6a
KendrickLamar,2ynaw9
KendrickLamar,2yogri
KendrickLamar,2ymq4h
KendrickLamar,2ymhx1
KendrickLamar,2ykads
KendrickLamar,2yjq33
KendrickLamar,2yj8aj
KendrickLamar,2yibkc
KendrickLamar,2ye6mr
KendrickLamar,2yd02m
KendrickLamar,2y6n5q
KendrickLamar,2y72e5
KendrickLamar,2y724r
KendrickLamar,2y2vhg
KendrickLamar,2y0hxz
KendrickLamar,2xzavs
KendrickLamar,2xm1ab
KendrickLamar,2xhpg5
KendrickLamar,2xdde1
KendrickLamar,2x76c2
KendrickLamar,2wxkwi
KendrickLamar,2wxf59
KendrickLamar,2wrxpe
KendrickLamar,2wju7i
KendrickLamar,2whn3z
KendrickLamar,2wknz6
KendrickLamar,2w9f8f
KendrickLamar,2w2q4y
KendrickLamar,2vyblf
KendrickLamar,2vvu4v
KendrickLamar,2vu68u
KendrickLamar,2vkxkf
KendrickLamar,2vj04t
KendrickLamar,2vcmde
KendrickLamar,2vbrv7
KendrickLamar,2v8twh
KendrickLamar,2v5caq
KendrickLamar,2v42pb
KendrickLamar,2usvl0
KendrickLamar,2ud7x8
KendrickLamar,2ucmww
KendrickLamar,2uccyx
KendrickLamar,2u571y
KendrickLamar,2tv2ha
KendrickLamar,2tvqde
KendrickLamar,2tp0in
KendrickLamar,2tjz84
KendrickLamar,2tj9yr
KendrickLamar,2t9fsa
KendrickLamar,2t7d13
KendrickLamar,2t0619
KendrickLamar,2szp0x
KendrickLamar,2sip69
KendrickLamar,2sgluk
KendrickLamar,2seaka
KendrickLamar,2sdvfc
KendrickLamar,2sch3i
KendrickLamar,2sbq6u
KendrickLamar,2s87am
KendrickLamar,2s82ch
KendrickLamar,2s4j4t
KendrickLamar,2rynpi
KendrickLamar,2rp5j0
KendrickLamar,2rfqqd
KendrickLamar,2rfs6b
KendrickLamar,2r9cwi
KendrickLamar,2r6xu1
KendrickLamar,2r7d1i
KendrickLamar,2qsks9
KendrickLamar,2qoxfl
KendrickLamar,2qnn85
KendrickLamar,2qkwgs
KendrickLamar,2q85zt
KendrickLamar,2q4kjr
KendrickLamar,2pxosx
KendrickLamar,2pxlea
KendrickLamar,2ptnro
KendrickLamar,2pt117
KendrickLamar,2pqhid
KendrickLamar,2pk5kc
KendrickLamar,2piztg
KendrickLamar,2p7zqz
KendrickLamar,2ou3gx
KendrickLamar,2orhhu
KendrickLamar,2ohi57
KendrickLamar,2o44l5
KendrickLamar,2nd66g
KendrickLamar,2nb7qy
KendrickLamar,2mrn9c
KendrickLamar,2mqavb
KendrickLamar,2mqd8c
KendrickLamar,2mgzq3
KendrickLamar,2m37xh
KendrickLamar,2m22x7
KendrickLamar,2lshd6
KendrickLamar,2lpwww
KendrickLamar,2lfy0c
KendrickLamar,2lg5cr
KendrickLamar,2le8ig
KendrickLamar,2le0ku
KendrickLamar,2laxvi
KendrickLamar,2lc53p
KendrickLamar,2l6onb
KendrickLamar,2l1f13
KendrickLamar,2kqxmg
KendrickLamar,2k1bjo
KendrickLamar,2jxihr
KendrickLamar,2iwirn
KendrickLamar,2ilpzx
KendrickLamar,2ik4yk
KendrickLamar,2hq2hg
KendrickLamar,2hlu0q
KendrickLamar,2hh7zx
KendrickLamar,2hhly3
KendrickLamar,2hg6bk
KendrickLamar,2hejbz
KendrickLamar,2hdpxw
KendrickLamar,2h7whg
KendrickLamar,2gy4c1
KendrickLamar,2gqavr
KendrickLamar,2gpl76
KendrickLamar,2gnvee
KendrickLamar,2g2g6p
KendrickLamar,2fxn6u
KendrickLamar,2fvs2w
KendrickLamar,2fpcsq
KendrickLamar,2fpevm
KendrickLamar,2fd629
KendrickLamar,2fc884
KendrickLamar,2f2k7s
KendrickLamar,2el1ib
KendrickLamar,2ei0a9
KendrickLamar,2ee92a
KendrickLamar,2dvp72
KendrickLamar,2dsix7
KendrickLamar,2dn9kg
KendrickLamar,2dmjlx
KendrickLamar,2dfcvy
KendrickLamar,2cj4i7
KendrickLamar,2b5h7r
KendrickLamar,2am1nr
KendrickLamar,2a41bh
KendrickLamar,293ocn
KendrickLamar,28w7r4
KendrickLamar,28s1iv
KendrickLamar,28mh0j
KendrickLamar,288dq9
KendrickLamar,286m8d
KendrickLamar,285tc3
KendrickLamar,27w55p
KendrickLamar,27l3wk
KendrickLamar,27lat2
KendrickLamar,26yimm
KendrickLamar,26yhjz
KendrickLamar,26g4id
KendrickLamar,2608io
KendrickLamar,260roz
KendrickLamar,25t2vi
KendrickLamar,25t5vs
KendrickLamar,25u04f
KendrickLamar,25o9qh
KendrickLamar,25fcaj
KendrickLamar,25f0jd
KendrickLamar,258dgj
KendrickLamar,250143
KendrickLamar,24ufv7
KendrickLamar,24mopy
KendrickLamar,2495jk
KendrickLamar,242f6h
KendrickLamar,23znzt
KendrickLamar,23zjou
KendrickLamar,2400p0
KendrickLamar,23ws62
KendrickLamar,23w0pf
KendrickLamar,23noq5
KendrickLamar,23keqy
KendrickLamar,23hvk7
KendrickLamar,23h1ke
KendrickLamar,23gw8y
KendrickLamar,23fs7x
KendrickLamar,23foez
KendrickLamar,23c64c
KendrickLamar,23axrj
KendrickLamar,232dwu
KendrickLamar,231nq1
KendrickLamar,231o6a
KendrickLamar,22zyen
KendrickLamar,22zpv4
KendrickLamar,22yzhm
KendrickLamar,22ylg5
KendrickLamar,20sn9f
KendrickLamar,20cach
KendrickLamar,205esd
KendrickLamar,202u5p
KendrickLamar,2011cn
KendrickLamar,1zzvcp
KendrickLamar,1zm5px
KendrickLamar,1z9jly
KendrickLamar,1z5joi
KendrickLamar,1yqae9
KendrickLamar,1yhssr
KendrickLamar,1y7630
KendrickLamar,1xyiu6
KendrickLamar,1xxpsg
KendrickLamar,1xrvv7
KendrickLamar,1x6gvp
KendrickLamar,1x53mh
KendrickLamar,1wwhao
KendrickLamar,1wt97t
KendrickLamar,1wf03h
KendrickLamar,1w8x3y
KendrickLamar,1vlf9l
KendrickLamar,1usz2o
KendrickLamar,1ticcq
KendrickLamar,1r2y98
KendrickLamar,1ow7i6
KendrickLamar,1othap
KendrickLamar,1mo9vs
KendrickLamar,1kyvjg
KendrickLamar,1kmw0i
KendrickLamar,1kk7ro
KendrickLamar,1khmsf
KendrickLamar,1kfl37
KendrickLamar,1kelp8
KendrickLamar,1j7eoc
KendrickLamar,1hwxxj
KendrickLamar,1hjcb7
KendrickLamar,1grrd1
KendrickLamar,1fakl1
KendrickLamar,1enjbv
KendrickLamar,1e9xvv
KendrickLamar,1c6e0h
KendrickLamar,1bkqe5
KendrickLamar,1axk4o
KendrickLamar,19edd1
KendrickLamar,18qif4
KendrickLamar,17nqoc
KendrickLamar,17ezi2
KendrickLamar,17et0n
KendrickLamar,16szja
KendrickLamar,16scyw
KendrickLamar,16nz9v
KendrickLamar,154m9a
KendrickLamar,14hb84
KendrickLamar,12j8t1
KendrickLamar,11veiy
KendrickLamar,11uztl
KendrickLamar,11s6kw
KendrickLamar,11f3wm
KendrickLamar,11e9ab
