MCPE,3e55iw
MCPE,3e5juu
MCPE,3e3u4b
MCPE,3e4npb
MCPE,3e66ns
MCPE,3e2fvx
MCPE,3e0557
MCPE,3dykhm
MCPE,3dxdh8
MCPE,3e05mr
MCPE,3dy5ji
MCPE,3dycrx
MCPE,3dwy47
MCPE,3dxglj
MCPE,3dz3ad
MCPE,3dy0m2
MCPE,3dva3j
MCPE,3dvkni
MCPE,3dvtue
MCPE,3duz4l
MCPE,3dwgqz
MCPE,3dw1cy
MCPE,3dth4p
MCPE,3dt37b
MCPE,3duay0
MCPE,3dtia1
MCPE,3dwfe0
MCPE,3ds3el
MCPE,3dqu9o
MCPE,3dso16
MCPE,3dua94
MCPE,3dqe3b
MCPE,3dqiyi
MCPE,3dqwub
MCPE,3dt1dn
MCPE,3doj7e
MCPE,3dnvec
MCPE,3ds7z3
MCPE,3dlpa5
MCPE,3dm0m2
MCPE,3dnqd3
MCPE,3dlohr
MCPE,3dihv0
MCPE,3dl1sz
MCPE,3di2fo
MCPE,3diglr
MCPE,3di0uq
MCPE,3djcnc
MCPE,3dfct3
MCPE,3dhyt0
MCPE,3dewvv
MCPE,3dfaa8
MCPE,3ddi7f
MCPE,3dd3oo
MCPE,3d9gro
MCPE,3d6x10
MCPE,3d839l
MCPE,3d9yyg
MCPE,3dazgi
MCPE,3d63di
MCPE,3d19jl
MCPE,3d21n2
MCPE,3czrjq
MCPE,3d39yn
MCPE,3d0x2f
MCPE,3czoca
MCPE,3cz1qq
MCPE,3cyuy9
MCPE,3cwr1i
MCPE,3cujfj
MCPE,3cv52m
MCPE,3ctjj4
MCPE,3csovs
MCPE,3cs0nv
MCPE,3crs33
MCPE,3crkd7
MCPE,3ctfod
MCPE,3csmec
MCPE,3cqwtj
MCPE,3cp428
MCPE,3cov8f
MCPE,3cmpkh
MCPE,3cn4b9
MCPE,3clthc
MCPE,3cnihs
MCPE,3ck1tm
MCPE,3ckym6
MCPE,3cn1r1
MCPE,3clcj7
MCPE,3cj8tb
MCPE,3ckna7
MCPE,3cn71g
MCPE,3cgtma
MCPE,3ckm7z
MCPE,3chse8
MCPE,3cfloi
MCPE,3ch44s
MCPE,3cgr5n
MCPE,3cepa9
MCPE,3cfby9
