memes,3e3dq0
memes,3e32rh
memes,3e1trp
memes,3e3jkh
memes,3e3nxi
memes,3e1o42
memes,3dy91l
memes,3e3fej
memes,3e3dbr
memes,3dzj7y
memes,3dxg8w
memes,3e2ivq
memes,3e1971
memes,3e2s1h
memes,3dxw0y
memes,3dycqr
memes,3e1j1r
memes,3dypcg
memes,3dymrr
memes,3dycfv
memes,3dw145
memes,3dweea
memes,3e0swf
memes,3dzgln
memes,3dz5ew
memes,3dy22a
memes,3e1euy
memes,3e08sq
memes,3dw3q9
memes,3dz9hb
memes,3dumsh
memes,3e02vd
memes,3dz184
memes,3dvols
memes,3dvczn
memes,3dxxih
memes,3dyc5i
memes,3dwmhj
memes,3du17m
memes,3dwioi
memes,3dwbbe
memes,3dyfzj
memes,3dxg9p
memes,3dszrs
memes,3du0wa
memes,3dt7x4
memes,3dtib5
memes,3dsxy0
memes,3dstl7
memes,3dvuqk
memes,3dvir3
memes,3dqy5n
memes,3dt2j7
memes,3dqmof
memes,3dsocc
memes,3dqk3v
memes,3dv56k
memes,3dre0l
memes,3dtotj
memes,3drzhj
memes,3drvw7
memes,3dqm94
memes,3dtey3
memes,3dosa1
memes,3ds05z
memes,3dthv1
memes,3dq3ij
memes,3doxxm
memes,3dnm8p
memes,3ds7s5
memes,3dqt35
memes,3dn4rw
memes,3drwgo
memes,3droch
memes,3dmb22
