recipes,3e3a6y
recipes,3e2w0h
recipes,3e2pjh
recipes,3e3mm8
recipes,3e46uo
recipes,3e1my8
recipes,3e0dt7
recipes,3e10vk
recipes,3e3x1j
recipes,3e0vc7
recipes,3dz0xj
recipes,3e0s0b
recipes,3dypej
recipes,3dyhsl
recipes,3dzlze
recipes,3dxq5s
recipes,3e01ly
recipes,3dvqd9
recipes,3e0lma
recipes,3dw5ai
recipes,3dwrs7
recipes,3dttvc
recipes,3dwjuc
recipes,3dwjsq
recipes,3dz7r7
recipes,3du7oc
recipes,3drm7w
recipes,3dsn2k
recipes,3dryyl
recipes,3ds429
recipes,3dszsx
recipes,3drccu
recipes,3dr48s
recipes,3dr2bl
recipes,3dspxo
recipes,3drxld
recipes,3dqrfp
recipes,3dqdgy
recipes,3dpww0
recipes,3dpqi5
recipes,3drrq5
recipes,3dnvts
recipes,3dpta8
recipes,3drny7
recipes,3dmiv9
recipes,3dmyrm
recipes,3doosx
recipes,3dmpix
recipes,3dof5w
recipes,3dmmk7
recipes,3dm72h
recipes,3dmc9p
recipes,3dp6uo
recipes,3dkr9b
recipes,3dl9wh
recipes,3dida9
recipes,3dlpcs
recipes,3di47j
recipes,3dky95
recipes,3djg09
recipes,3dingi
recipes,3dghid
recipes,3dj3ct
recipes,3dinha
recipes,3diend
recipes,3dfsbw
recipes,3ddvcp
recipes,3dduiq
recipes,3dfdtr
recipes,3de55z
recipes,3ddwok
recipes,3dbvnq
recipes,3dbo7f
recipes,3dbk3k
recipes,3darcr
