seduction,3e26ec
seduction,3e3nvc
seduction,3e49xh
seduction,3e1of1
seduction,3e2lwd
seduction,3dzbrd
seduction,3e294o
seduction,3e2kll
seduction,3e2u8n
seduction,3e1axr
seduction,3e05ll
seduction,3e472q
seduction,3e45rt
seduction,3e44af
seduction,3e40rp
seduction,3e2k1p
seduction,3e3xzu
seduction,3e3vej
seduction,3e2v3d
seduction,3e3nd0
seduction,3e0wym
seduction,3e1vxs
seduction,3dy00u
seduction,3e0axw
seduction,3e1dfa
seduction,3e1mi8
seduction,3e17t5
seduction,3e3ulp
seduction,3dzqm2
seduction,3dz21w
seduction,3e0pd5
seduction,3dzyoj
seduction,3e3aym
seduction,3e2fll
seduction,3e1hui
seduction,3dxxyo
seduction,3dzu78
seduction,3dz6hi
seduction,3dye9n
seduction,3dzywk
seduction,3dywne
seduction,3dwz58
seduction,3dziyr
seduction,3dxy7p
seduction,3e1rk2
seduction,3dyz7o
seduction,3e0pvt
seduction,3dxk7h
seduction,3e0de7
seduction,3e12yg
