sugarfreemua,3e3cvg
sugarfreemua,3e1uw0
sugarfreemua,3dy6vc
sugarfreemua,3dsus3
sugarfreemua,3dnmjt
sugarfreemua,3dfbj4
sugarfreemua,3df7do
sugarfreemua,3d9s0a
sugarfreemua,3cy7r5
sugarfreemua,3cz5iv
sugarfreemua,3culuz
sugarfreemua,3ctcgf
sugarfreemua,3ch2rw
sugarfreemua,3cbwkg
sugarfreemua,3c1bi6
sugarfreemua,3bwuja
sugarfreemua,3busj6
sugarfreemua,3bscct
sugarfreemua,3btpia
sugarfreemua,3bmz91
sugarfreemua,3bj7u7
sugarfreemua,3b7eix
sugarfreemua,3b4xwi
sugarfreemua,3b3u0s
sugarfreemua,3avmzn
sugarfreemua,3aovio
sugarfreemua,3ajm9b
sugarfreemua,3ahhl6
sugarfreemua,3afoqw
sugarfreemua,3aftkm
sugarfreemua,3a7jkr
sugarfreemua,3a3d30
sugarfreemua,3a1lgb
sugarfreemua,39iw2d
sugarfreemua,39f93p
sugarfreemua,397g4v
sugarfreemua,3992jp
sugarfreemua,38yem4
sugarfreemua,38vz0e
sugarfreemua,38vtmf
sugarfreemua,38ngku
sugarfreemua,38j5ha
sugarfreemua,38k10i
sugarfreemua,389lmj
sugarfreemua,386li6
sugarfreemua,380yeb
sugarfreemua,37r93a
sugarfreemua,37nvrq
sugarfreemua,37id3e
sugarfreemua,374q2g
sugarfreemua,375nbr
sugarfreemua,36o0ps
sugarfreemua,36map0
sugarfreemua,36icgf
sugarfreemua,36el7h
sugarfreemua,36eye1
sugarfreemua,36bnn6
sugarfreemua,36a41b
sugarfreemua,36afdu
sugarfreemua,36bima
sugarfreemua,367qbp
sugarfreemua,3653ly
sugarfreemua,3661qk
sugarfreemua,363dkw
sugarfreemua,364v3m
sugarfreemua,363dx5
sugarfreemua,3637y0
sugarfreemua,35wuq9
sugarfreemua,35v2k1
sugarfreemua,35ryk4
sugarfreemua,35qorz
sugarfreemua,35e8p2
sugarfreemua,353cz0
sugarfreemua,352qc7
sugarfreemua,34yao8
