TellMeAFact,3e4o8w
TellMeAFact,3e5r87
TellMeAFact,3e4cga
TellMeAFact,3e5c1w
TellMeAFact,3e5yut
TellMeAFact,3e45ms
TellMeAFact,3e2zb5
TellMeAFact,3e5xmx
TellMeAFact,3e3yg5
TellMeAFact,3e2chg
TellMeAFact,3e3sau
TellMeAFact,3e524l
TellMeAFact,3e4yaz
TellMeAFact,3e1rzu
TellMeAFact,3e4uuh
TellMeAFact,3e2q0d
TellMeAFact,3e1wva
TellMeAFact,3e1nag
TellMeAFact,3e2ju0
TellMeAFact,3e1hth
TellMeAFact,3dzpq2
TellMeAFact,3e1wwz
TellMeAFact,3e01e2
TellMeAFact,3e1cgz
TellMeAFact,3e20un
TellMeAFact,3e1thp
TellMeAFact,3e1a7j
TellMeAFact,3e0uc4
TellMeAFact,3dxi2z
TellMeAFact,3e0hwx
TellMeAFact,3dyp4h
TellMeAFact,3dzvq7
TellMeAFact,3e0vqq
TellMeAFact,3dyb9a
TellMeAFact,3dy20f
TellMeAFact,3dyr9r
TellMeAFact,3dzmgj
TellMeAFact,3dwsgz
TellMeAFact,3dwn9m
TellMeAFact,3dwjmx
TellMeAFact,3dwd8s
TellMeAFact,3dwe0q
TellMeAFact,3dwza2
TellMeAFact,3dw6b9
TellMeAFact,3dwc1n
TellMeAFact,3dujo5
TellMeAFact,3du3r9
TellMeAFact,3dvofg
TellMeAFact,3dwc9b
TellMeAFact,3dvgat
TellMeAFact,3dwl6t
TellMeAFact,3dufwn
TellMeAFact,3duw17
TellMeAFact,3dstob
TellMeAFact,3duyyd
TellMeAFact,3duibx
TellMeAFact,3dtec7
TellMeAFact,3dryjg
TellMeAFact,3dqyuu
TellMeAFact,3drmci
TellMeAFact,3drd83
TellMeAFact,3dqq0q
TellMeAFact,3ds1xg
TellMeAFact,3drw6k
TellMeAFact,3dqak8
TellMeAFact,3dpsmv
TellMeAFact,3dq5s4
TellMeAFact,3doptr
TellMeAFact,3dnpv4
TellMeAFact,3do4nl
TellMeAFact,3dmv6r
TellMeAFact,3dnmp9
TellMeAFact,3dn6ac
TellMeAFact,3dp0r2
TellMeAFact,3dlow8
TellMeAFact,3dl3f9
TellMeAFact,3dmnxl
TellMeAFact,3dkonq
TellMeAFact,3dl1pc
TellMeAFact,3dl8jh
TellMeAFact,3dlfxu
TellMeAFact,3dkxly
TellMeAFact,3dl6yr
TellMeAFact,3dircr
TellMeAFact,3dilp2
TellMeAFact,3dhh05
TellMeAFact,3dgudc
TellMeAFact,3df51a
TellMeAFact,3dgrr6
TellMeAFact,3dflim
TellMeAFact,3dg3ky
TellMeAFact,3dff3m
TellMeAFact,3de7ov
TellMeAFact,3dd7yg
TellMeAFact,3dde24
TellMeAFact,3dekgn
TellMeAFact,3dd70o
TellMeAFact,3dcd83
TellMeAFact,3dd9i9
TellMeAFact,3dde2q
