todayilearned,3c9g98
todayilearned,3c7rh6
todayilearned,3c7fmt
todayilearned,3c86ib
todayilearned,3c8ial
todayilearned,3c7nxi
todayilearned,3c8tsk
todayilearned,3c73ic
todayilearned,3c8hw3
todayilearned,3c7owp
todayilearned,3c7dhy
todayilearned,3c7ue4
todayilearned,3c771f
todayilearned,3c88o5
todayilearned,3c8fs1
todayilearned,3c7cnk
todayilearned,3c891z
todayilearned,3c7g5q
todayilearned,3c79br
todayilearned,3c768t
todayilearned,3c7898
todayilearned,3c77gi
todayilearned,3c98z6
todayilearned,3c8oan
todayilearned,3c8csl
