uwotm8,3e4h4m
uwotm8,3e4x31
uwotm8,3e1w07
uwotm8,3dz5hh
uwotm8,3e1372
uwotm8,3dwyms
uwotm8,3e073z
uwotm8,3dxx2c
uwotm8,3e00rx
uwotm8,3dub5v
uwotm8,3dwaa3
uwotm8,3duxk1
uwotm8,3dwbfe
uwotm8,3dsndi
uwotm8,3dpqzo
uwotm8,3dkwoi
uwotm8,3djei6
uwotm8,3diusn
uwotm8,3dmmzr
uwotm8,3dg5u4
uwotm8,3dfkp2
uwotm8,3dfx0i
uwotm8,3deubz
uwotm8,3dflou
uwotm8,3ddapf
uwotm8,3db35k
uwotm8,3ddn8v
uwotm8,3d94t4
uwotm8,3d9rsi
uwotm8,3d5o3i
uwotm8,3d4rg3
uwotm8,3d6we6
uwotm8,3d5b6r
uwotm8,3d5vdt
uwotm8,3d2bim
uwotm8,3d1hvt
uwotm8,3d09i0
uwotm8,3d3lpm
uwotm8,3d3lwg
uwotm8,3d33b4
uwotm8,3d0ioy
uwotm8,3cyan1
uwotm8,3czhlc
uwotm8,3cxwxc
uwotm8,3cwitd
uwotm8,3cvjw8
uwotm8,3csvht
uwotm8,3csx2u
uwotm8,3ctk8x
uwotm8,3cryrl
uwotm8,3cv4io
uwotm8,3cpvfr
uwotm8,3cofz7
uwotm8,3cp066
uwotm8,3cqe6p
uwotm8,3corsa
uwotm8,3cn2pj
uwotm8,3cm4je
uwotm8,3ciupb
uwotm8,3cmigp
uwotm8,3cfc9j
uwotm8,3cdpgh
uwotm8,3ci3nw
uwotm8,3cc536
uwotm8,3c8hj8
uwotm8,3ca45t
uwotm8,3c3ymz
uwotm8,3c7oyc
uwotm8,3c4li0
uwotm8,3bzeru
uwotm8,3c220v
uwotm8,3bztro
uwotm8,3bz2js
uwotm8,3c0aq6
uwotm8,3c0ykm
uwotm8,3bycq5
uwotm8,3c043h
uwotm8,3buqc7
uwotm8,3btjcb
uwotm8,3bua4u
uwotm8,3btndo
uwotm8,3bp7oh
uwotm8,3bqiin
uwotm8,3bnsc3
uwotm8,3bnrb3
uwotm8,3bjngs
uwotm8,3bkhwd
uwotm8,3bk941
uwotm8,3bkpnh
uwotm8,3bhqwo
uwotm8,3bf69x
uwotm8,3bfy5t
uwotm8,3bb5xp
uwotm8,3bcepn
uwotm8,3bc8nb
uwotm8,3bc7yz
uwotm8,3bbxae
uwotm8,3b7kkt
uwotm8,3b9we9
uwotm8,3b8qmi
uwotm8,3b8p9x
uwotm8,3b30r5
uwotm8,3b5erk
uwotm8,3axeuu
uwotm8,3aw0yo
uwotm8,3axth0
uwotm8,3aun7j
uwotm8,3at3k8
uwotm8,3ar6yj
uwotm8,3aqyqt
uwotm8,3au1x6
uwotm8,3as8g4
uwotm8,3ar66i
uwotm8,3ard95
uwotm8,3amp7j
uwotm8,3aohxj
uwotm8,3ajzfa
uwotm8,3aj7vx
uwotm8,3ah7ad
uwotm8,3aeucq
uwotm8,3aglhc
uwotm8,3afm0q
uwotm8,3adcjg
uwotm8,3af820
uwotm8,3aamq4
uwotm8,3ad5ks
uwotm8,3aaxek
uwotm8,3abvd4
uwotm8,3ae0cf
uwotm8,3ablgx
uwotm8,3a96xw
uwotm8,3a9v31
uwotm8,3a774w
uwotm8,3a9lax
uwotm8,3a4xos
uwotm8,3a5tsb
uwotm8,3a8h4b
uwotm8,3a6bdi
uwotm8,3a51t2
uwotm8,3a7szg
uwotm8,3a21y1
uwotm8,3a106u
uwotm8,3a6t3t
uwotm8,3a4o56
uwotm8,3a09uu
uwotm8,3a0ooy
uwotm8,39vqtj
uwotm8,39vo6l
uwotm8,39xheu
uwotm8,39qpmd
uwotm8,39qvmd
uwotm8,39orl9
uwotm8,39rf8i
uwotm8,39p72s
uwotm8,39pqt1
uwotm8,39pewi
uwotm8,39lq9i
uwotm8,39o57h
uwotm8,39nmvj
uwotm8,39jj2c
uwotm8,39kxvj
uwotm8,39mxwz
uwotm8,39gfwp
uwotm8,39j35y
uwotm8,39m513
uwotm8,39fxs8
uwotm8,39dks7
uwotm8,39irpy
uwotm8,39eki4
uwotm8,39b3kd
uwotm8,39bajw
uwotm8,39eg1o
uwotm8,39bofj
uwotm8,399a1y
uwotm8,395yub
