WWE,3e2xn0
WWE,3e25sy
WWE,3e3bty
WWE,3e2brn
WWE,3e4vdb
WWE,3e4so3
WWE,3e4qs2
WWE,3e0mik
WWE,3e4cwu
WWE,3e48tv
WWE,3e4735
WWE,3e1jju
WWE,3e0mib
WWE,3e3ejk
WWE,3e2i0q
WWE,3e3bzq
WWE,3e31nd
WWE,3dybhl
WWE,3e2tpn
WWE,3e2sdm
WWE,3e1v6s
WWE,3e2lsn
WWE,3e2kcm
WWE,3e2a1e
WWE,3e295x
WWE,3e288r
WWE,3e21fy
WWE,3e1063
WWE,3e1t1b
WWE,3e0uur
WWE,3e0taw
WWE,3e2key
WWE,3e15fm
WWE,3e1084
WWE,3e1li7
WWE,3e0xqg
WWE,3e0xfq
WWE,3e1hyx
WWE,3e1ehh
WWE,3e1c1g
WWE,3dwn29
WWE,3e1bhv
WWE,3e0lkc
WWE,3e1abf
WWE,3dza5z
WWE,3dztwd
WWE,3e29j5
WWE,3dy7il
WWE,3e1ked
WWE,3e0hpr
WWE,3e07ck
WWE,3dw98y
WWE,3e038m
WWE,3dzw5m
WWE,3dxjfv
WWE,3e0b2a
WWE,3dwt1m
WWE,3dzdew
WWE,3dzcwj
WWE,3dwzyu
WWE,3dxx9n
WWE,3e105p
WWE,3dy6ne
WWE,3dyqkd
WWE,3dylhs
WWE,3dwsqq
WWE,3dweb6
WWE,3dwy22
WWE,3dy57x
WWE,3dx2fg
WWE,3dwj5h
WWE,3dxuzd
WWE,3dxuxf
WWE,3dxuok
WWE,3dwim7
WWE,3dyhlq
WWE,3dtrqo
WWE,3dwfbu
WWE,3dwb80
WWE,3dvz3p
WWE,3dz3oz
WWE,3dy52f
WWE,3dwpku
WWE,3dx3jy
WWE,3dwgz0
WWE,3dx147
WWE,3dx04m
WWE,3dvv00
WWE,3dw7ri
WWE,3dwuoj
WWE,3dwulf
WWE,3dwsog
WWE,3dwqa1
WWE,3dwosa
WWE,3dwm0f
WWE,3dwlvp
WWE,3dwg5s
WWE,3dw5q3
WWE,3dxjm7
WWE,3dw3ff
WWE,3dtims
WWE,3dv5mt
WWE,3dwi87
WWE,3dwdgv
WWE,3dvlqd
WWE,3dwobi
WWE,3dwke7
WWE,3dwhi8
WWE,3dv9pj
WWE,3dv4tb
WWE,3dwh9e
WWE,3duwyn
WWE,3dusou
WWE,3dvxos
WWE,3dugc2
WWE,3drjbg
WWE,3dsbex
WWE,3du7lt
WWE,3dsjko
WWE,3dtbpz
WWE,3dtn0v
WWE,3dsdlb
WWE,3du6wd
WWE,3dsvs7
WWE,3dtam8
WWE,3dt90s
WWE,3dswz2
WWE,3ds9kz
WWE,3dsvhi
WWE,3dsuo0
WWE,3drjop
WWE,3dssy8
WWE,3dok7o
WWE,3dpchu
WWE,3drnbd
WWE,3dqop6
WWE,3dqivu
WWE,3dprkt
WWE,3dq12s
WWE,3dokxd
WWE,3do8zw
WWE,3donzg
WWE,3dkxwu
WWE,3do35k
WWE,3dnt5j
WWE,3dods7
WWE,3dok56
WWE,3dmj8m
WWE,3diwar
WWE,3dmgad
WWE,3dj8e8
WWE,3dmcqk
WWE,3dk083
WWE,3dls13
WWE,3dgxpk
WWE,3dlnyg
WWE,3dlnwm
WWE,3dl9jk
WWE,3dklf0
WWE,3dmvg4
WWE,3dkeue
WWE,3djv4b
WWE,3djnm8
WWE,3dj6wm
WWE,3dk04k
WWE,3diqi6
WWE,3dim7r
WWE,3dikwi
WWE,3dialj
WWE,3di2ag
WWE,3dgi3c
WWE,3dijb6
WWE,3dkhgf
WWE,3dequ4
WWE,3djm3n
WWE,3dhdh1
WWE,3dh9wy
WWE,3dei1o
WWE,3dhstn
WWE,3dgq0i
WWE,3dgmjk
WWE,3dht3f
WWE,3dg5lu
WWE,3dhy1v
WWE,3dff1g
WWE,3df8uz
WWE,3dh3mj
WWE,3dfv77
WWE,3dbvp1
WWE,3dggf4
WWE,3de1wu
WWE,3ddsqf
WWE,3d9i54
WWE,3dexr1
WWE,3dffr9
WWE,3ddxsr
WWE,3dbb61
WWE,3d90qu
WWE,3dcx2l
WWE,3ddul4
WWE,3dcny1
WWE,3dcl05
WWE,3ddh4j
WWE,3ddtyv
WWE,3dbw5w
WWE,3dbouq
WWE,3dd7r3
WWE,3d73pw
WWE,3dce7h
WWE,3d7tkp
WWE,3daqx1
WWE,3dchhd
WWE,3d8410
WWE,3daytt
WWE,3d7132
WWE,3d7zqn
WWE,3d9kr8
WWE,3d9htp
WWE,3d9ajq
WWE,3da9mn
WWE,3d5npv
WWE,3d8gyx
WWE,3d8slu
WWE,3d8ada
WWE,3d77r5
WWE,3d74m7
WWE,3d86hs
WWE,3dao4k
WWE,3d7xg9
WWE,3d5txd
WWE,3d7jpo
WWE,3d3tno
WWE,3d7104
WWE,3d8aym
WWE,3d6m8k
WWE,3d4itd
WWE,3d5svt
WWE,3d6sfg
WWE,3d6206
WWE,3d6ak3
WWE,3d17wx
WWE,3d325s
WWE,3d44uc
WWE,3d39eh
WWE,3d5eeg
WWE,3d2shu
WWE,3czavp
WWE,3d4op5
WWE,3d4rlh
WWE,3d0mtt
WWE,3d43ep
WWE,3cxkmv
WWE,3d42kl
WWE,3d3u0p
WWE,3d3w20
WWE,3d2s2e
WWE,3d2eqa
WWE,3d3ao2
WWE,3cy6cy
WWE,3d0y3a
WWE,3cyzl6
WWE,3cyxuq
WWE,3d0x03
WWE,3cz48f
WWE,3czdst
WWE,3cxrre
WWE,3czab5
WWE,3d003p
WWE,3cuzyf
WWE,3cxpyh
WWE,3czfwj
WWE,3cz9o0
WWE,3cxscn
WWE,3cyqb4
WWE,3cx66j
WWE,3cy6xf
WWE,3cxpt1
WWE,3cx8eh
WWE,3cskta
WWE,3ctq8h
WWE,3cxacn
WWE,3cxb2q
WWE,3cw2ik
WWE,3cw1ow
WWE,3csnio
WWE,3cwlic
WWE,3cxhrh
WWE,3cxhjp
WWE,3cxdd3
WWE,3cxhej
WWE,3cx41z
WWE,3cvds0
WWE,3cvbgz
WWE,3cxhbc
WWE,3cxg8s
WWE,3cxdr4
WWE,3cxi0x
WWE,3ctnoa
WWE,3cuhrd
WWE,3cw1d6
WWE,3cu8by
WWE,3cw65x
WWE,3cw5hk
WWE,3cw6it
WWE,3cvylh
WWE,3cv9dl
WWE,3cw6zz
WWE,3cw7zz
WWE,3cta8s
WWE,3cuti5
WWE,3cubhq
WWE,3crd82
WWE,3ct3al
WWE,3crwkf
WWE,3cokb7
WWE,3cochc
WWE,3cpmia
WWE,3crtn6
WWE,3cpl1d
WWE,3ctick
WWE,3cthgv
WWE,3ctipk
WWE,3ctljc
WWE,3ctozf
WWE,3ctirz
WWE,3cth5u
WWE,3cto7r
WWE,3cpuf4
WWE,3cq5lo
WWE,3ctk6d
WWE,3ctcgn
WWE,3ctfj9
WWE,3ctltq
WWE,3ctl4j
WWE,3cpvx9
WWE,3crdyr
WWE,3csm1l
WWE,3cp71g
WWE,3cs74k
WWE,3cpg6a
WWE,3cro7i
WWE,3cm12t
WWE,3cp08h
WWE,3cs9nl
WWE,3cs6jx
WWE,3cs618
WWE,3cs44u
WWE,3cs14s
WWE,3crzlo
WWE,3cryu1
WWE,3cry46
WWE,3cs0z5
WWE,3cs0qo
WWE,3crzqc
WWE,3cpm8x
WWE,3coego
WWE,3co9k1
WWE,3cn70d
WWE,3cpqdo
WWE,3cnzl8
WWE,3cl4hx
WWE,3ck3lz
WWE,3cno3m
WWE,3cn2oa
WWE,3cm7xd
WWE,3cpahn
WWE,3cn1rp
WWE,3cpbck
WWE,3cpaw3
WWE,3clvdz
WWE,3cp8ex
WWE,3cp9yh
WWE,3cp7r7
WWE,3coqi4
WWE,3chffe
WWE,3cp64i
WWE,3cp23s
WWE,3coqre
WWE,3cmet5
WWE,3coqzt
WWE,3co816
WWE,3clwqp
WWE,3ckyr1
WWE,3cljjj
WWE,3clgps
WWE,3cnva9
WWE,3cmq1h
WWE,3cnw73
WWE,3cnx6z
WWE,3cnyj5
WWE,3cm6lm
WWE,3cnwsd
WWE,3cnvfc
WWE,3cnuvo
WWE,3cnukl
WWE,3cnp5u
WWE,3cnu29
WWE,3cnmho
WWE,3cnoc8
WWE,3cnklt
WWE,3cikp4
WWE,3cktbs
WWE,3ckjd5
WWE,3ck984
WWE,3cj4fg
WWE,3cf1pr
WWE,3cig93
WWE,3cjw57
WWE,3cjt79
WWE,3cklw9
WWE,3ckiuz
WWE,3cgtku
WWE,3cjgw6
WWE,3cik5e
WWE,3cjrrs
WWE,3cimpp
WWE,3cksjh
WWE,3cksa1
WWE,3cko4m
WWE,3cjfs8
WWE,3cixn8
WWE,3cka4s
WWE,3chvxn
WWE,3civ6h
WWE,3chsj4
WWE,3cinuc
WWE,3cifqo
WWE,3ch6fq
WWE,3ci7b9
WWE,3cjfw9
WWE,3cdlb4
WWE,3cfvch
WWE,3cjg6b
WWE,3chin2
WWE,3cjg8x
WWE,3cjd80
WWE,3cjct2
WWE,3chea8
WWE,3cfk7c
WWE,3ceai0
WWE,3cg49p
WWE,3cchte
WWE,3cgxfz
WWE,3cekge
WWE,3cgb6p
WWE,3cgb11
WWE,3cdo7c
WWE,3cgy2f
WWE,3cdnbk
WWE,3cfovc
WWE,3cfjwu
WWE,3cfhpj
WWE,3cguu5
WWE,3ce63k
WWE,3cfa0i
WWE,3cegn1
WWE,3ce0x8
WWE,3cbl70
WWE,3cd3nx
WWE,3cf057
WWE,3cehwu
WWE,3ce2w9
WWE,3ce8du
WWE,3cbogx
WWE,3carc6
WWE,3cdnvn
WWE,3cg8is
WWE,3cd5sy
WWE,3cga01
WWE,3cdv3r
WWE,3cdtm5
WWE,3cg6w6
WWE,3ceds9
WWE,3cdr0q
WWE,3cedcc
WWE,3cdprb
WWE,3cdosh
WWE,3ce3ux
WWE,3ccq2d
WWE,3cdsj4
WWE,3ccygb
WWE,3cdm68
WWE,3cb5rm
WWE,3cddfv
WWE,3cdail
WWE,3cb9rw
WWE,3cd94h
WWE,3catq6
WWE,3cewyo
WWE,3cex2r
WWE,3cej3h
WWE,3cdhbp
WWE,3cbk2k
WWE,3cceig
WWE,3cd5we
WWE,3ccbb7
WWE,3cby5z
WWE,3cbomt
WWE,3casuq
WWE,3cbfe0
WWE,3c85vt
WWE,3ccvst
WWE,3casq6
WWE,3c8f6y
WWE,3c7lde
WWE,3c9xu3
WWE,3c9wf9
WWE,3c8iw1
WWE,3cbg0e
WWE,3c9k8a
WWE,3cbfqw
WWE,3cbdv3
WWE,3cbc2h
WWE,3cbfaq
WWE,3cbblm
WWE,3cbaij
WWE,3cb5be
WWE,3cb7r1
WWE,3cb79u
WWE,3cb2qk
WWE,3c7zw9
WWE,3cajj9
WWE,3c7q24
WWE,3c730i
WWE,3c9q1t
WWE,3c6az7
WWE,3c7tup
WWE,3c52w1
WWE,3c75dn
WWE,3c66yk
WWE,3c6b8r
WWE,3c3xll
WWE,3c5q02
WWE,3c3zl1
WWE,3c3c5b
WWE,3c51fn
WWE,3c2ydj
WWE,3c393u
WWE,3c70mw
WWE,3c57ls
WWE,3c443k
WWE,3c4cji
WWE,3c1hmj
WWE,3c6zcs
WWE,3c6yz1
WWE,3c35pg
WWE,3c6ir2
WWE,3c6vvd
WWE,3c40f6
WWE,3c5c8b
WWE,3c6wlk
WWE,3c6w0n
WWE,3c6qol
WWE,3c4jg6
WWE,3c38s6
WWE,3c3ixn
WWE,3c4355
WWE,3c62h9
WWE,3c2p1b
WWE,3c2gn2
WWE,3c2phx
WWE,3c3fnp
WWE,3bz7y8
WWE,3c2n0t
WWE,3c0gkc
WWE,3c1p0r
WWE,3c2883
WWE,3c2t0e
WWE,3c2sjv
WWE,3c18nx
WWE,3c1520
WWE,3c1ost
WWE,3byuj6
WWE,3c3lts
WWE,3c3lkv
WWE,3c05c3
WWE,3c1c01
WWE,3bzoib
WWE,3c09y8
WWE,3by9zv
WWE,3c22li
WWE,3c02lv
WWE,3c01sy
WWE,3bzkor
WWE,3bwyim
WWE,3bz5lz
WWE,3c0bf8
WWE,3bz7mt
WWE,3c00e6
WWE,3bybur
WWE,3bzduj
WWE,3byv4j
WWE,3byd3p
WWE,3bzpyr
WWE,3bya4i
WWE,3c1827
WWE,3bvlcj
WWE,3by3zs
WWE,3bxdzb
WWE,3bypf1
WWE,3bynn4
WWE,3bw1jb
WWE,3c0fyq
WWE,3by5o9
WWE,3bw6er
WWE,3bxe4m
WWE,3bvdp3
WWE,3bx4rx
WWE,3bvrkq
WWE,3byaqo
WWE,3bwfyf
WWE,3bujoy
WWE,3bv772
WWE,3bvklg
WWE,3buy1i
WWE,3bugwu
WWE,3bq36j
WWE,3bud07
WWE,3bv819
WWE,3bupe0
WWE,3bu2ok
WWE,3bug0w
WWE,3bufrr
WWE,3br3dq
WWE,3bucw2
WWE,3btlgn
WWE,3bu580
WWE,3bt4ky
WWE,3bufro
WWE,3brnmq
WWE,3bs7x2
WWE,3bs5ag
WWE,3bqzfr
WWE,3bschw
WWE,3bni8d
WWE,3bte2q
WWE,3bplgb
WWE,3brnoh
WWE,3bt3mb
WWE,3bqby7
WWE,3bpm8p
WWE,3boai3
WWE,3bqumr
WWE,3bow4w
WWE,3bow1c
WWE,3bpi92
WWE,3blbng
WWE,3bp8no
WWE,3br07a
WWE,3bq8pq
WWE,3bohs4
WWE,3brmu1
WWE,3brbd6
WWE,3bngmv
WWE,3bq9wt
WWE,3bmxlb
WWE,3boyw1
WWE,3bn6n4
WWE,3bmo7l
WWE,3bn9m6
WWE,3bokru
WWE,3bmgzi
WWE,3bnev3
WWE,3bnd5a
WWE,3bn7ai
WWE,3bj3nf
WWE,3bmkv6
WWE,3blaux
WWE,3bkxc3
WWE,3bm7e5
WWE,3bljmk
WWE,3bkuqp
WWE,3bm8x2
WWE,3bl65b
WWE,3bl13n
